,COUNTYFP,POP_EST_2019
0,0,328239523
1,1000,4903185
2,1001,55869
3,1003,223234
4,1005,24686
5,1007,22394
6,1009,57826
7,1011,10101
8,1013,19448
9,1015,113605
10,1017,33254
11,1019,26196
12,1021,44428
13,1023,12589
14,1025,23622
15,1027,13235
16,1029,14910
17,1031,52342
18,1033,55241
19,1035,12067
20,1037,10663
21,1039,37049
22,1041,13772
23,1043,83768
24,1045,49172
25,1047,37196
26,1049,71513
27,1051,81209
28,1053,36633
29,1055,102268
30,1057,16302
31,1059,31362
32,1061,26271
33,1063,8111
34,1065,14651
35,1067,17205
36,1069,105882
37,1071,51626
38,1073,658573
39,1075,13805
40,1077,92729
41,1079,32924
42,1081,164542
43,1083,98915
44,1085,9726
45,1087,18068
46,1089,372909
47,1091,18863
48,1093,29709
49,1095,96774
50,1097,413210
51,1099,20733
52,1101,226486
53,1103,119679
54,1105,8923
55,1107,19930
56,1109,33114
57,1111,22722
58,1113,57961
59,1115,89512
60,1117,217702
61,1119,12427
62,1121,79978
63,1123,40367
64,1125,209355
65,1127,63521
66,1129,16326
67,1131,10373
68,1133,23629
69,2000,731545
70,2013,3337
71,2016,5634
72,2020,288000
73,2050,18386
74,2060,836
75,2068,2097
76,2070,4916
77,2090,96849
78,2100,2530
79,2105,2148
80,2110,31974
81,2122,58708
82,2130,13901
83,2150,12998
84,2158,8314
85,2164,1592
86,2170,108317
87,2180,10004
88,2185,9832
89,2188,7621
90,2195,3266
91,2198,6203
92,2220,8493
93,2230,1183
94,2240,6893
95,2261,9202
96,2275,2502
97,2282,579
98,2290,5230
99,4000,7278717
100,4001,71887
101,4003,125922
102,4005,143476
103,4007,54018
104,4009,38837
105,4011,9498
106,4012,21108
107,4013,4485414
108,4015,212181
109,4017,110924
110,4019,1047279
111,4021,462789
112,4023,46498
113,4025,235099
114,4027,213787
115,5000,3017804
116,5001,17486
117,5003,19657
118,5005,41932
119,5007,279141
120,5009,37432
121,5011,10763
122,5013,5189
123,5015,28380
124,5017,10118
125,5019,22320
126,5021,14551
127,5023,24919
128,5025,7956
129,5027,23457
130,5029,20846
131,5031,110332
132,5033,63257
133,5035,47955
134,5037,16419
135,5039,7009
136,5041,11361
137,5043,18219
138,5045,126007
139,5047,17715
140,5049,12477
141,5051,99386
142,5053,18265
143,5055,45325
144,5057,21532
145,5059,33771
146,5061,13202
147,5063,37825
148,5065,13629
149,5067,16719
150,5069,66824
151,5071,26578
152,5073,6624
153,5075,16406
154,5077,8857
155,5079,13024
156,5081,12259
157,5083,21466
158,5085,73309
159,5087,16576
160,5089,16694
161,5091,43257
162,5093,40651
163,5095,6701
164,5097,8986
165,5099,8252
166,5101,7753
167,5103,23382
168,5105,10455
169,5107,17782
170,5109,10718
171,5111,23528
172,5113,19964
173,5115,64072
174,5117,8062
175,5119,391911
176,5121,17958
177,5123,24994
178,5125,122437
179,5127,10281
180,5129,7881
181,5131,127827
182,5133,17007
183,5135,17442
184,5137,12506
185,5139,38682
186,5141,16545
187,5143,239187
188,5145,78753
189,5147,6320
190,5149,21341
191,6000,39512223
192,6001,1671329
193,6003,1129
194,6005,39752
195,6007,219186
196,6009,45905
197,6011,21547
198,6013,1153526
199,6015,27812
200,6017,192843
201,6019,999101
202,6021,28393
203,6023,135558
204,6025,181215
205,6027,18039
206,6029,900202
207,6031,152940
208,6033,64386
209,6035,30573
210,6037,10039107
211,6039,157327
212,6041,258826
213,6043,17203
214,6045,86749
215,6047,277680
216,6049,8841
217,6051,14444
218,6053,434061
219,6055,137744
220,6057,99755
221,6059,3175692
222,6061,398329
223,6063,18807
224,6065,2470546
225,6067,1552058
226,6069,62808
227,6071,2180085
228,6073,3338330
229,6075,881549
230,6077,762148
231,6079,283111
232,6081,766573
233,6083,446499
234,6085,1927852
235,6087,273213
236,6089,180080
237,6091,3005
238,6093,43539
239,6095,447643
240,6097,494336
241,6099,550660
242,6101,96971
243,6103,65084
244,6105,12285
245,6107,466195
246,6109,54478
247,6111,846006
248,6113,220500
249,6115,78668
250,8000,5758736
251,8001,517421
252,8003,16233
253,8005,656590
254,8007,14029
255,8009,3581
256,8011,5577
257,8013,326196
258,8014,70465
259,8015,20356
260,8017,1831
261,8019,9700
262,8021,8205
263,8023,3887
264,8025,6061
265,8027,5068
266,8029,31162
267,8031,727211
268,8033,2055
269,8035,351154
270,8037,55127
271,8039,26729
272,8041,720403
273,8043,47839
274,8045,60061
275,8047,6243
276,8049,15734
277,8051,17462
278,8053,820
279,8055,6897
280,8057,1392
281,8059,582881
282,8061,1406
283,8063,7097
284,8065,8127
285,8067,56221
286,8069,356899
287,8071,14506
288,8073,5701
289,8075,22409
290,8077,154210
291,8079,769
292,8081,13283
293,8083,26183
294,8085,42758
295,8087,29068
296,8089,18278
297,8091,4952
298,8093,18845
299,8095,4265
300,8097,17767
301,8099,12172
302,8101,168424
303,8103,6324
304,8105,11267
305,8107,25638
306,8109,6824
307,8111,728
308,8113,8179
309,8115,2248
310,8117,31011
311,8119,25388
312,8121,4908
313,8123,324492
314,8125,10019
315,9000,3565287
316,9001,943332
317,9003,891720
318,9005,180333
319,9007,162436
320,9009,854757
321,9011,265206
322,9013,150721
323,9015,116782
324,10000,973764
325,10001,180786
326,10003,558753
327,10005,234225
328,11000,705749
329,11001,705749
330,12000,21477737
331,12001,269043
332,12003,29210
333,12005,174705
334,12007,28201
335,12009,601942
336,12011,1952778
337,12013,14105
338,12015,188910
339,12017,149657
340,12019,219252
341,12021,384902
342,12023,71686
343,12027,38001
344,12029,16826
345,12031,957755
346,12033,318316
347,12035,115081
348,12037,12125
349,12039,45660
350,12041,18582
351,12043,13811
352,12045,13639
353,12047,14428
354,12049,26937
355,12051,42022
356,12053,193920
357,12055,106221
358,12057,1471968
359,12059,19617
360,12061,159923
361,12063,46414
362,12065,14246
363,12067,8422
364,12069,367118
365,12071,770577
366,12073,293582
367,12075,41503
368,12077,8354
369,12079,18493
370,12081,403253
371,12083,365579
372,12085,161000
373,12086,2716940
374,12087,74228
375,12089,88625
376,12091,210738
377,12093,42168
378,12095,1393452
379,12097,375751
380,12099,1496770
381,12101,553947
382,12103,974996
383,12105,724777
384,12107,74521
385,12109,264672
386,12111,328297
387,12113,184313
388,12115,433742
389,12117,471826
390,12119,132420
391,12121,44417
392,12123,21569
393,12125,15237
394,12127,553284
395,12129,33739
396,12131,74071
397,12133,25473
398,13000,10617423
399,13001,18386
400,13003,8165
401,13005,11164
402,13007,3038
403,13009,44890
404,13011,19234
405,13013,83240
406,13015,107738
407,13017,16700
408,13019,19397
409,13021,153159
410,13023,12873
411,13025,19109
412,13027,15457
413,13029,39627
414,13031,79608
415,13033,22383
416,13035,24936
417,13037,6189
418,13039,54666
419,13043,10803
420,13045,119992
421,13047,67580
422,13049,13392
423,13051,289430
424,13053,10907
425,13055,24789
426,13057,258773
427,13059,128331
428,13061,2834
429,13063,292256
430,13065,6618
431,13067,760141
432,13069,43273
433,13071,45600
434,13073,156714
435,13075,17270
436,13077,148509
437,13079,12404
438,13081,22372
439,13083,16116
440,13085,26108
441,13087,26404
442,13089,759297
443,13091,20605
444,13093,13390
445,13095,87956
446,13097,146343
447,13099,10190
448,13101,4006
449,13103,64296
450,13105,19194
451,13107,22646
452,13109,10654
453,13111,26188
454,13113,114421
455,13115,98498
456,13117,244252
457,13119,23349
458,13121,1063937
459,13123,31369
460,13125,2971
461,13127,85292
462,13129,57963
463,13131,24633
464,13133,18324
465,13135,936250
466,13137,45328
467,13139,204441
468,13141,8457
469,13143,29792
470,13145,35236
471,13147,26205
472,13149,11923
473,13151,234561
474,13153,157863
475,13155,9416
476,13157,72977
477,13159,14219
478,13161,15115
479,13163,15362
480,13165,8676
481,13167,9643
482,13169,28735
483,13171,19077
484,13173,10423
485,13175,47546
486,13177,29992
487,13179,61435
488,13181,7921
489,13183,19559
490,13185,117406
491,13187,33610
492,13189,21312
493,13191,14378
494,13193,12947
495,13195,29880
496,13197,8359
497,13199,21167
498,13201,5718
499,13205,21863
500,13207,27578
501,13209,9172
502,13211,19276
503,13213,40096
504,13215,195769
505,13217,111744
506,13219,40280
507,13221,15259
508,13223,168667
509,13225,27546
510,13227,32591
511,13229,19465
512,13231,18962
513,13233,42613
514,13235,11137
515,13237,22119
516,13239,2299
517,13241,17137
518,13243,6778
519,13245,202518
520,13247,90896
521,13249,5257
522,13251,13966
523,13253,8090
524,13255,66703
525,13257,25925
526,13259,6621
527,13261,29524
528,13263,6195
529,13265,1537
530,13267,25286
531,13269,8020
532,13271,15860
533,13273,8531
534,13275,44451
535,13277,40644
536,13279,26830
537,13281,12037
538,13283,6901
539,13285,69922
540,13287,7985
541,13289,8120
542,13291,24511
543,13293,26320
544,13295,69761
545,13297,94593
546,13299,35734
547,13301,5254
548,13303,20374
549,13305,29927
550,13307,2607
551,13309,7855
552,13311,30798
553,13313,104628
554,13315,8635
555,13317,9777
556,13319,8954
557,13321,20247
558,15000,1415872
559,15001,201513
560,15003,974563
561,15005,86
562,15007,72293
563,15009,167417
564,16000,1787065
565,16001,481587
566,16003,4294
567,16005,87808
568,16007,6125
569,16009,9298
570,16011,46811
571,16013,23021
572,16015,7831
573,16017,45739
574,16019,119062
575,16021,12245
576,16023,2597
577,16025,1106
578,16027,229849
579,16029,7155
580,16031,24030
581,16033,845
582,16035,8756
583,16037,4315
584,16039,27511
585,16041,13876
586,16043,13099
587,16045,18112
588,16047,15179
589,16049,16667
590,16051,29871
591,16053,24412
592,16055,165697
593,16057,40108
594,16059,8027
595,16061,3838
596,16063,5366
597,16065,39907
598,16067,21039
599,16069,40408
600,16071,4531
601,16073,11823
602,16075,23951
603,16077,7681
604,16079,12882
605,16081,12142
606,16083,86878
607,16085,11392
608,16087,10194
609,17000,12671821
610,17001,65435
611,17003,5761
612,17005,16426
613,17007,53544
614,17009,6578
615,17011,32628
616,17013,4739
617,17015,14305
618,17017,12147
619,17019,209689
620,17021,32304
621,17023,15441
622,17025,13184
623,17027,37562
624,17029,50621
625,17031,5150233
626,17033,18667
627,17035,10766
628,17037,104897
629,17039,15638
630,17041,19465
631,17043,922921
632,17045,17161
633,17047,6395
634,17049,34008
635,17051,21336
636,17053,12961
637,17055,38469
638,17057,34340
639,17059,4828
640,17061,12969
641,17063,51054
642,17065,8116
643,17067,17708
644,17069,3821
645,17071,6646
646,17073,48913
647,17075,27114
648,17077,56750
649,17079,9610
650,17081,37684
651,17083,21773
652,17085,21235
653,17087,12417
654,17089,532403
655,17091,109862
656,17093,128990
657,17095,49699
658,17097,696535
659,17099,108669
660,17101,15678
661,17103,34096
662,17105,35648
663,17107,28618
664,17109,29682
665,17111,307774
666,17113,171517
667,17115,104009
668,17117,44926
669,17119,262966
670,17121,37205
671,17123,11438
672,17125,13359
673,17127,13772
674,17129,12196
675,17131,15437
676,17133,34637
677,17135,28414
678,17137,33658
679,17139,14501
680,17141,50643
681,17143,179179
682,17145,20916
683,17147,16344
684,17149,15561
685,17151,4177
686,17153,5335
687,17155,5739
688,17157,31782
689,17159,15513
690,17161,141879
691,17163,259686
692,17165,23491
693,17167,194672
694,17169,6768
695,17171,4951
696,17173,21634
697,17175,5342
698,17177,44498
699,17179,131803
700,17181,16653
701,17183,75758
702,17185,11520
703,17187,16844
704,17189,13887
705,17191,16215
706,17193,13537
707,17195,55175
708,17197,690743
709,17199,66597
710,17201,282572
711,17203,38459
712,18000,6732219
713,18001,35777
714,18003,379299
715,18005,83779
716,18007,8748
717,18009,11758
718,18011,67843
719,18013,15092
720,18015,20257
721,18017,37689
722,18019,118302
723,18021,26225
724,18023,32399
725,18025,10577
726,18027,33351
727,18029,49458
728,18031,26559
729,18033,43475
730,18035,114135
731,18037,42736
732,18039,206341
733,18041,23102
734,18043,78522
735,18045,16346
736,18047,22758
737,18049,19974
738,18051,33659
739,18053,65769
740,18055,31922
741,18057,338011
742,18059,78168
743,18061,40515
744,18063,170311
745,18065,47972
746,18067,82544
747,18069,36520
748,18071,44231
749,18073,33562
750,18075,20436
751,18077,32308
752,18079,27735
753,18081,158167
754,18083,36594
755,18085,79456
756,18087,39614
757,18089,485493
758,18091,109888
759,18093,45370
760,18095,129569
761,18097,964582
762,18099,46258
763,18101,10255
764,18103,35516
765,18105,148431
766,18107,38338
767,18109,70489
768,18111,13984
769,18113,47744
770,18115,5875
771,18117,19646
772,18119,20799
773,18121,16937
774,18123,19169
775,18125,12389
776,18127,170389
777,18129,25427
778,18131,12353
779,18133,37576
780,18135,24665
781,18137,28324
782,18139,16581
783,18141,271826
784,18143,23873
785,18145,44729
786,18147,20277
787,18149,22995
788,18151,34594
789,18153,20669
790,18155,10751
791,18157,195732
792,18159,15148
793,18161,7054
794,18163,181451
795,18165,15498
796,18167,107038
797,18169,30996
798,18171,8265
799,18173,62998
800,18175,28036
801,18177,65884
802,18179,28296
803,18181,24102
804,18183,33964
805,19000,3155070
806,19001,7152
807,19003,3602
808,19005,13687
809,19007,12426
810,19009,5496
811,19011,25645
812,19013,131228
813,19015,26234
814,19017,25062
815,19019,21175
816,19021,19620
817,19023,14439
818,19025,9668
819,19027,20165
820,19029,12836
821,19031,18627
822,19033,42450
823,19035,11235
824,19037,11933
825,19039,9395
826,19041,16016
827,19043,17549
828,19045,46429
829,19047,16820
830,19049,93453
831,19051,9000
832,19053,7870
833,19055,17011
834,19057,38967
835,19059,17258
836,19061,97311
837,19063,9208
838,19065,19650
839,19067,15642
840,19069,10070
841,19071,6960
842,19073,8888
843,19075,12232
844,19077,10689
845,19079,14773
846,19081,10630
847,19083,16846
848,19085,14049
849,19087,19954
850,19089,9158
851,19091,9558
852,19093,6860
853,19095,16184
854,19097,19439
855,19099,37185
856,19101,18295
857,19103,151140
858,19105,20681
859,19107,10246
860,19109,14813
861,19111,33657
862,19113,226706
863,19115,11035
864,19117,8600
865,19119,11755
866,19121,16338
867,19123,22095
868,19125,33253
869,19127,39369
870,19129,15109
871,19131,10586
872,19133,8615
873,19135,7707
874,19137,9917
875,19139,42664
876,19141,13753
877,19143,5958
878,19145,15107
879,19147,8886
880,19149,25177
881,19151,6619
882,19153,490161
883,19155,93206
884,19157,18504
885,19159,4894
886,19161,9721
887,19163,172943
888,19165,11454
889,19167,34855
890,19169,97117
891,19171,16854
892,19173,6121
893,19175,12241
894,19177,7044
895,19179,34969
896,19181,51466
897,19183,21965
898,19185,6441
899,19187,35904
900,19189,10354
901,19191,19991
902,19193,103107
903,19195,7381
904,19197,12562
905,20000,2913314
906,20001,12369
907,20003,7858
908,20005,16073
909,20007,4427
910,20009,25779
911,20011,14534
912,20013,9564
913,20015,66911
914,20017,2648
915,20019,3250
916,20021,19939
917,20023,2657
918,20025,1994
919,20027,8002
920,20029,8786
921,20031,8179
922,20033,1700
923,20035,34908
924,20037,38818
925,20039,2827
926,20041,18466
927,20043,7600
928,20045,122259
929,20047,2798
930,20049,2530
931,20051,28553
932,20053,6102
933,20055,36467
934,20057,33619
935,20059,25544
936,20061,31670
937,20063,2636
938,20065,2482
939,20067,7150
940,20069,5988
941,20071,1232
942,20073,5982
943,20075,2539
944,20077,5436
945,20079,34429
946,20081,3968
947,20083,1794
948,20085,13171
949,20087,19043
950,20089,2879
951,20091,602401
952,20093,3838
953,20095,7152
954,20097,2475
955,20099,19618
956,20101,1535
957,20103,81758
958,20105,2962
959,20107,9703
960,20109,2794
961,20111,33195
962,20113,28542
963,20115,11884
964,20117,9707
965,20119,4033
966,20121,34237
967,20123,5979
968,20125,31829
969,20127,5620
970,20129,2587
971,20131,10231
972,20133,16007
973,20135,2750
974,20137,5361
975,20139,15949
976,20141,3421
977,20143,5704
978,20145,6414
979,20147,5234
980,20149,24383
981,20151,9164
982,20153,2530
983,20155,61998
984,20157,4636
985,20159,9537
986,20161,74232
987,20163,4920
988,20165,3036
989,20167,6856
990,20169,54224
991,20171,4823
992,20173,516042
993,20175,21428
994,20177,176875
995,20179,2521
996,20181,5917
997,20183,3583
998,20185,4156
999,20187,2006
1000,20189,5485
1001,20191,22836
1002,20193,7777
1003,20195,2803
1004,20197,6931
1005,20199,1518
1006,20201,5406
1007,20203,2119
1008,20205,8525
1009,20207,3138
1010,20209,165429
1011,21000,4467673
1012,21001,19202
1013,21003,21315
1014,21005,22747
1015,21007,7888
1016,21009,44249
1017,21011,12500
1018,21013,26032
1019,21015,133581
1020,21017,19788
1021,21019,46718
1022,21021,30060
1023,21023,8303
1024,21025,12630
1025,21027,20477
1026,21029,81676
1027,21031,12879
1028,21033,12747
1029,21035,39001
1030,21037,93584
1031,21039,4760
1032,21041,10631
1033,21043,26797
1034,21045,16159
1035,21047,70461
1036,21049,36263
1037,21051,19901
1038,21053,10218
1039,21055,8806
1040,21057,6614
1041,21059,101511
1042,21061,12150
1043,21063,7517
1044,21065,14106
1045,21067,323152
1046,21069,14581
1047,21071,35589
1048,21073,50991
1049,21075,5969
1050,21077,8869
1051,21079,17666
1052,21081,25069
1053,21083,37266
1054,21085,26427
1055,21087,10941
1056,21089,35098
1057,21091,8722
1058,21093,110958
1059,21095,26010
1060,21097,18886
1061,21099,19035
1062,21101,45210
1063,21103,16126
1064,21105,4380
1065,21107,44686
1066,21109,13329
1067,21111,766757
1068,21113,54115
1069,21115,22188
1070,21117,166998
1071,21119,14806
1072,21121,31145
1073,21123,14398
1074,21125,60813
1075,21127,15317
1076,21129,7403
1077,21131,9877
1078,21133,21553
1079,21135,13275
1080,21137,24549
1081,21139,9194
1082,21141,27102
1083,21143,8210
1084,21145,65418
1085,21147,17231
1086,21149,9207
1087,21151,92987
1088,21153,12161
1089,21155,19273
1090,21157,31100
1091,21159,11195
1092,21161,17070
1093,21163,28572
1094,21165,6489
1095,21167,21933
1096,21169,10071
1097,21171,10650
1098,21173,28157
1099,21175,13309
1100,21177,30622
1101,21179,46233
1102,21181,7269
1103,21183,23994
1104,21185,66799
1105,21187,10901
1106,21189,4415
1107,21191,14590
1108,21193,25758
1109,21195,57876
1110,21197,12359
1111,21199,64979
1112,21201,2108
1113,21203,16695
1114,21205,24460
1115,21207,17923
1116,21209,57004
1117,21211,49024
1118,21213,18572
1119,21215,19351
1120,21217,25769
1121,21219,12294
1122,21221,14651
1123,21223,8471
1124,21225,14381
1125,21227,132896
1126,21229,12095
1127,21231,20333
1128,21233,12942
1129,21235,36264
1130,21237,7157
1131,21239,26734
1132,22000,4648794
1133,22001,62045
1134,22003,25627
1135,22005,126604
1136,22007,21891
1137,22009,40144
1138,22011,37497
1139,22013,13241
1140,22015,127039
1141,22017,240204
1142,22019,203436
1143,22021,9918
1144,22023,6973
1145,22025,9494
1146,22027,15670
1147,22029,19259
1148,22031,27463
1149,22033,440059
1150,22035,6861
1151,22037,19135
1152,22039,33395
1153,22041,20015
1154,22043,22389
1155,22045,69830
1156,22047,32511
1157,22049,15744
1158,22051,432493
1159,22053,31368
1160,22055,244390
1161,22057,97614
1162,22059,14892
1163,22061,46742
1164,22063,140789
1165,22065,10951
1166,22067,24874
1167,22069,38158
1168,22071,390144
1169,22073,153279
1170,22075,23197
1171,22077,21730
1172,22079,129648
1173,22081,8442
1174,22083,20122
1175,22085,23884
1176,22087,47244
1177,22089,53100
1178,22091,10132
1179,22093,21096
1180,22095,42837
1181,22097,82124
1182,22099,53431
1183,22101,49348
1184,22103,260419
1185,22105,134758
1186,22107,4334
1187,22109,110461
1188,22111,22108
1189,22113,59511
1190,22115,47429
1191,22117,46194
1192,22119,38340
1193,22121,26465
1194,22123,10830
1195,22125,15568
1196,22127,13904
1197,23000,1344212
1198,23001,108277
1199,23003,67055
1200,23005,295003
1201,23007,30199
1202,23009,54987
1203,23011,122302
1204,23013,39772
1205,23015,34634
1206,23017,57975
1207,23019,152148
1208,23021,16785
1209,23023,35856
1210,23025,50484
1211,23027,39715
1212,23029,31379
1213,23031,207641
1214,24000,6045680
1215,24001,70416
1216,24003,579234
1217,24005,827370
1218,24009,92525
1219,24011,33406
1220,24013,168447
1221,24015,102855
1222,24017,163257
1223,24019,31929
1224,24021,259547
1225,24023,29014
1226,24025,255441
1227,24027,325690
1228,24029,19422
1229,24031,1050688
1230,24033,909327
1231,24035,50381
1232,24037,113510
1233,24039,25616
1234,24041,37181
1235,24043,151049
1236,24045,103609
1237,24047,52276
1238,24510,593490
1239,25000,6892503
1240,25001,212990
1241,25003,124944
1242,25005,565217
1243,25007,17332
1244,25009,789034
1245,25011,70180
1246,25013,466372
1247,25015,160830
1248,25017,1611699
1249,25019,11399
1250,25021,706775
1251,25023,521202
1252,25025,803907
1253,25027,830622
1254,26000,9986857
1255,26001,10405
1256,26003,9108
1257,26005,118081
1258,26007,28405
1259,26009,23324
1260,26011,14883
1261,26013,8209
1262,26015,61550
1263,26017,103126
1264,26019,17766
1265,26021,153401
1266,26023,43517
1267,26025,134159
1268,26027,51787
1269,26029,26143
1270,26031,25276
1271,26033,37349
1272,26035,30950
1273,26037,79595
1274,26039,14029
1275,26041,35784
1276,26043,25239
1277,26045,110268
1278,26047,33415
1279,26049,405813
1280,26051,25449
1281,26053,13975
1282,26055,93088
1283,26057,40711
1284,26059,45605
1285,26061,35684
1286,26063,30981
1287,26065,292406
1288,26067,64697
1289,26069,25127
1290,26071,11066
1291,26073,69872
1292,26075,158510
1293,26077,265066
1294,26079,18038
1295,26081,656955
1296,26083,2116
1297,26085,11853
1298,26087,87607
1299,26089,21761
1300,26091,98451
1301,26093,191995
1302,26095,6229
1303,26097,10799
1304,26099,873972
1305,26101,24558
1306,26103,66699
1307,26105,29144
1308,26107,43453
1309,26109,22780
1310,26111,83156
1311,26113,15118
1312,26115,150500
1313,26117,63888
1314,26119,9328
1315,26121,173566
1316,26123,48980
1317,26125,1257584
1318,26127,26467
1319,26129,20997
1320,26131,5720
1321,26133,23460
1322,26135,8241
1323,26137,24668
1324,26139,291830
1325,26141,12592
1326,26143,24019
1327,26145,190539
1328,26147,159128
1329,26149,60964
1330,26151,41170
1331,26153,8094
1332,26155,68122
1333,26157,52245
1334,26159,75677
1335,26161,367601
1336,26163,1749343
1337,26165,33631
1338,27000,5639632
1339,27001,15886
1340,27003,356921
1341,27005,34423
1342,27007,47188
1343,27009,40889
1344,27011,4991
1345,27013,67653
1346,27015,25008
1347,27017,35871
1348,27019,105089
1349,27021,29779
1350,27023,11800
1351,27025,56579
1352,27027,64222
1353,27029,8818
1354,27031,5463
1355,27033,11196
1356,27035,65055
1357,27037,429021
1358,27039,20934
1359,27041,38141
1360,27043,13653
1361,27045,21067
1362,27047,30281
1363,27049,46340
1364,27051,5972
1365,27053,1265843
1366,27055,18600
1367,27057,21491
1368,27059,40596
1369,27061,45130
1370,27063,9846
1371,27065,16337
1372,27067,43199
1373,27069,4298
1374,27071,12229
1375,27073,6623
1376,27075,10641
1377,27077,3740
1378,27079,28887
1379,27081,5639
1380,27083,25474
1381,27085,35893
1382,27087,5527
1383,27089,9336
1384,27091,19683
1385,27093,23222
1386,27095,26277
1387,27097,33386
1388,27099,40062
1389,27101,8194
1390,27103,34274
1391,27105,21629
1392,27107,6375
1393,27109,158293
1394,27111,58746
1395,27113,14119
1396,27115,29579
1397,27117,9126
1398,27119,31364
1399,27121,11249
1400,27123,550321
1401,27125,4055
1402,27127,15170
1403,27129,14548
1404,27131,66972
1405,27133,9315
1406,27135,15165
1407,27137,199070
1408,27139,149013
1409,27141,97238
1410,27143,14865
1411,27145,161075
1412,27147,36649
1413,27149,9805
1414,27151,9266
1415,27153,24664
1416,27155,3259
1417,27157,21627
1418,27159,13682
1419,27161,18612
1420,27163,262440
1421,27165,10897
1422,27167,6207
1423,27169,50484
1424,27171,138377
1425,27173,9709
1426,28000,2976149
1427,28001,30693
1428,28003,36953
1429,28005,12297
1430,28007,18174
1431,28009,8259
1432,28011,30628
1433,28013,14361
1434,28015,9947
1435,28017,17103
1436,28019,8210
1437,28021,8988
1438,28023,15541
1439,28025,19316
1440,28027,22124
1441,28029,28065
1442,28031,18636
1443,28033,184945
1444,28035,74897
1445,28037,7713
1446,28039,24500
1447,28041,13586
1448,28043,20758
1449,28045,47632
1450,28047,208080
1451,28049,231840
1452,28051,17010
1453,28053,8064
1454,28055,1327
1455,28057,23390
1456,28059,143617
1457,28061,16383
1458,28063,6990
1459,28065,11128
1460,28067,68098
1461,28069,9742
1462,28071,54019
1463,28073,63343
1464,28075,74125
1465,28077,12586
1466,28079,22786
1467,28081,85436
1468,28083,28183
1469,28085,34153
1470,28087,58595
1471,28089,106272
1472,28091,24573
1473,28093,35294
1474,28095,35252
1475,28097,9775
1476,28099,29118
1477,28101,21018
1478,28103,10417
1479,28105,49587
1480,28107,34192
1481,28109,55535
1482,28111,11973
1483,28113,39288
1484,28115,32174
1485,28117,25126
1486,28119,6792
1487,28121,155271
1488,28123,28124
1489,28125,4321
1490,28127,26658
1491,28129,15916
1492,28131,18336
1493,28133,25110
1494,28135,13809
1495,28137,28321
1496,28139,22015
1497,28141,19383
1498,28143,9632
1499,28145,28815
1500,28147,14286
1501,28149,45381
1502,28151,43909
1503,28153,20183
1504,28155,9689
1505,28157,8630
1506,28159,17955
1507,28161,12108
1508,28163,29690
1509,29000,6137428
1510,29001,25343
1511,29003,17712
1512,29005,5143
1513,29007,25388
1514,29009,35789
1515,29011,11754
1516,29013,16172
1517,29015,19443
1518,29017,12133
1519,29019,180463
1520,29021,87364
1521,29023,42478
1522,29025,9020
1523,29027,44743
1524,29029,46305
1525,29031,78871
1526,29033,8679
1527,29035,5982
1528,29037,105780
1529,29039,14349
1530,29041,7426
1531,29043,88595
1532,29045,6797
1533,29047,249948
1534,29049,20387
1535,29051,76745
1536,29053,17709
1537,29055,23920
1538,29057,7561
1539,29059,16878
1540,29061,8278
1541,29063,12547
1542,29065,15573
1543,29067,13185
1544,29069,29131
1545,29071,103967
1546,29073,14706
1547,29075,6571
1548,29077,293086
1549,29079,9850
1550,29081,8352
1551,29083,21824
1552,29085,9544
1553,29087,4403
1554,29089,10001
1555,29091,40117
1556,29093,10125
1557,29095,703011
1558,29097,121328
1559,29099,225081
1560,29101,54062
1561,29103,3959
1562,29105,35723
1563,29107,32708
1564,29109,38355
1565,29111,9776
1566,29113,59013
1567,29115,11920
1568,29117,15227
1569,29119,22837
1570,29121,15117
1571,29123,12088
1572,29125,8697
1573,29127,28530
1574,29129,3617
1575,29131,25619
1576,29133,13180
1577,29135,16132
1578,29137,8644
1579,29139,11551
1580,29141,20627
1581,29143,17076
1582,29145,58236
1583,29147,22092
1584,29149,10529
1585,29151,13615
1586,29153,9174
1587,29155,15805
1588,29157,19136
1589,29159,42339
1590,29161,44573
1591,29163,18302
1592,29165,104418
1593,29167,32149
1594,29169,52607
1595,29171,4696
1596,29173,10309
1597,29175,24748
1598,29177,23018
1599,29179,6270
1600,29181,13288
1601,29183,402022
1602,29185,9397
1603,29186,17894
1604,29187,67215
1605,29189,994205
1606,29195,22761
1607,29197,4660
1608,29199,4902
1609,29201,38280
1610,29203,8166
1611,29205,5930
1612,29207,29025
1613,29209,31952
1614,29211,6089
1615,29213,55928
1616,29215,25398
1617,29217,20563
1618,29219,35649
1619,29221,24730
1620,29223,12873
1621,29225,39592
1622,29227,2013
1623,29229,18289
1624,29510,300576
1625,30000,1068778
1626,30001,9453
1627,30003,13319
1628,30005,6681
1629,30007,6237
1630,30009,10725
1631,30011,1252
1632,30013,81366
1633,30015,5635
1634,30017,11402
1635,30019,1690
1636,30021,8613
1637,30023,9140
1638,30025,2846
1639,30027,11050
1640,30029,103806
1641,30031,114434
1642,30033,1258
1643,30035,13753
1644,30037,821
1645,30039,3379
1646,30041,16484
1647,30043,12221
1648,30045,2007
1649,30047,30458
1650,30049,69432
1651,30051,2337
1652,30053,19980
1653,30055,1664
1654,30057,8600
1655,30059,1862
1656,30061,4397
1657,30063,119600
1658,30065,4633
1659,30067,16606
1660,30069,487
1661,30071,3954
1662,30073,5911
1663,30075,1682
1664,30077,6890
1665,30079,1077
1666,30081,43806
1667,30083,10803
1668,30085,11004
1669,30087,8937
1670,30089,12113
1671,30091,3309
1672,30093,34915
1673,30095,9642
1674,30097,3737
1675,30099,6147
1676,30101,4736
1677,30103,696
1678,30105,7396
1679,30107,2126
1680,30109,969
1681,30111,161300
1682,31000,1934408
1683,31001,31363
1684,31003,6298
1685,31005,463
1686,31007,745
1687,31009,465
1688,31011,5192
1689,31013,10783
1690,31015,1919
1691,31017,2955
1692,31019,49659
1693,31021,6459
1694,31023,8016
1695,31025,26248
1696,31027,8402
1697,31029,3924
1698,31031,5689
1699,31033,8910
1700,31035,6203
1701,31037,10709
1702,31039,8846
1703,31041,10777
1704,31043,20026
1705,31045,8589
1706,31047,23595
1707,31049,1794
1708,31051,5636
1709,31053,36565
1710,31055,571327
1711,31057,1693
1712,31059,5462
1713,31061,2979
1714,31063,2627
1715,31065,4676
1716,31067,21513
1717,31069,1837
1718,31071,1969
1719,31073,1990
1720,31075,623
1721,31077,2356
1722,31079,61353
1723,31081,9324
1724,31083,3380
1725,31085,922
1726,31087,2762
1727,31089,10067
1728,31091,682
1729,31093,6445
1730,31095,7046
1731,31097,5071
1732,31099,6495
1733,31101,8034
1734,31103,806
1735,31105,3632
1736,31107,8332
1737,31109,319090
1738,31111,34914
1739,31113,748
1740,31115,664
1741,31117,494
1742,31119,35099
1743,31121,7755
1744,31123,4642
1745,31125,3519
1746,31127,6972
1747,31129,4148
1748,31131,16012
1749,31133,2613
1750,31135,2891
1751,31137,9034
1752,31139,7148
1753,31141,33470
1754,31143,5213
1755,31145,10724
1756,31147,7865
1757,31149,1357
1758,31151,14224
1759,31153,187196
1760,31155,21578
1761,31157,35618
1762,31159,17284
1763,31161,5246
1764,31163,3001
1765,31165,1166
1766,31167,5920
1767,31169,5003
1768,31171,722
1769,31173,7224
1770,31175,4158
1771,31177,20729
1772,31179,9385
1773,31181,3487
1774,31183,783
1775,31185,13679
1776,32000,3080156
1777,32001,24909
1778,32003,2266715
1779,32005,48905
1780,32007,52778
1781,32009,873
1782,32011,2029
1783,32013,16831
1784,32015,5532
1785,32017,5183
1786,32019,57510
1787,32021,4505
1788,32023,46523
1789,32027,6725
1790,32029,4123
1791,32031,471519
1792,32033,9580
1793,32510,55916
1794,33000,1359711
1795,33001,61303
1796,33003,48910
1797,33005,76085
1798,33007,31563
1799,33009,89886
1800,33011,417025
1801,33013,151391
1802,33015,309769
1803,33017,130633
1804,33019,43146
1805,34000,8882190
1806,34001,263670
1807,34003,932202
1808,34005,445349
1809,34007,506471
1810,34009,92039
1811,34011,149527
1812,34013,798975
1813,34015,291636
1814,34017,672391
1815,34019,124371
1816,34021,367430
1817,34023,825062
1818,34025,618795
1819,34027,491845
1820,34029,607186
1821,34031,501826
1822,34033,62385
1823,34035,328934
1824,34037,140488
1825,34039,556341
1826,34041,105267
1827,35000,2096829
1828,35001,679121
1829,35003,3527
1830,35005,64615
1831,35006,26675
1832,35007,11941
1833,35009,48954
1834,35011,1748
1835,35013,218195
1836,35015,58460
1837,35017,26998
1838,35019,4300
1839,35021,625
1840,35023,4198
1841,35025,71070
1842,35027,19572
1843,35028,19369
1844,35029,23709
1845,35031,71367
1846,35033,4521
1847,35035,67490
1848,35037,8253
1849,35039,38921
1850,35041,18500
1851,35043,146748
1852,35045,123958
1853,35047,27277
1854,35049,150358
1855,35051,10791
1856,35053,16637
1857,35055,32723
1858,35057,15461
1859,35059,4059
1860,35061,76688
1861,36000,19453561
1862,36001,305506
1863,36003,46091
1864,36005,1418207
1865,36007,190488
1866,36009,76117
1867,36011,76576
1868,36013,126903
1869,36015,83456
1870,36017,47207
1871,36019,80485
1872,36021,59461
1873,36023,47581
1874,36025,44135
1875,36027,294218
1876,36029,918702
1877,36031,36885
1878,36033,50022
1879,36035,53383
1880,36037,57280
1881,36039,47188
1882,36041,4416
1883,36043,61319
1884,36045,109834
1885,36047,2559903
1886,36049,26296
1887,36051,62914
1888,36053,70941
1889,36055,741770
1890,36057,49221
1891,36059,1356924
1892,36061,1628706
1893,36063,209281
1894,36065,228671
1895,36067,460528
1896,36069,109777
1897,36071,384940
1898,36073,40352
1899,36075,117124
1900,36077,59493
1901,36079,98320
1902,36081,2253858
1903,36083,158714
1904,36085,476143
1905,36087,325789
1906,36089,107740
1907,36091,229863
1908,36093,155299
1909,36095,30999
1910,36097,17807
1911,36099,34016
1912,36101,95379
1913,36103,1476601
1914,36105,75432
1915,36107,48203
1916,36109,102180
1917,36111,177573
1918,36113,63944
1919,36115,61204
1920,36117,89918
1921,36119,967506
1922,36121,39859
1923,36123,24913
1924,37000,10488084
1925,37001,169509
1926,37003,37497
1927,37005,11137
1928,37007,24446
1929,37009,27203
1930,37011,17557
1931,37013,46994
1932,37015,18947
1933,37017,32722
1934,37019,142820
1935,37021,261191
1936,37023,90485
1937,37025,216453
1938,37027,82178
1939,37029,10867
1940,37031,69473
1941,37033,22604
1942,37035,159551
1943,37037,74470
1944,37039,28612
1945,37041,13943
1946,37043,11231
1947,37045,97947
1948,37047,55508
1949,37049,102139
1950,37051,335509
1951,37053,27763
1952,37055,37009
1953,37057,167609
1954,37059,42846
1955,37061,58741
1956,37063,321488
1957,37065,51472
1958,37067,382295
1959,37069,69685
1960,37071,224529
1961,37073,11562
1962,37075,8441
1963,37077,60443
1964,37079,21069
1965,37081,537174
1966,37083,50010
1967,37085,135976
1968,37087,62317
1969,37089,117417
1970,37091,23677
1971,37093,55234
1972,37095,4937
1973,37097,181806
1974,37099,43938
1975,37101,209339
1976,37103,9419
1977,37105,61779
1978,37107,55949
1979,37109,86111
1980,37111,45756
1981,37113,35858
1982,37115,21755
1983,37117,22440
1984,37119,1110356
1985,37121,14964
1986,37123,27173
1987,37125,100880
1988,37127,94298
1989,37129,234473
1990,37131,19483
1991,37133,197938
1992,37135,148476
1993,37137,12726
1994,37139,39824
1995,37141,63060
1996,37143,13463
1997,37145,39490
1998,37147,180742
1999,37149,20724
2000,37151,143667
2001,37153,44829
2002,37155,130625
2003,37157,91010
2004,37159,142088
2005,37161,67029
2006,37163,63531
2007,37165,34823
2008,37167,62806
2009,37169,45591
2010,37171,71783
2011,37173,14271
2012,37175,34385
2013,37177,4016
2014,37179,239859
2015,37181,44535
2016,37183,1111761
2017,37185,19731
2018,37187,11580
2019,37189,56177
2020,37191,123131
2021,37193,68412
2022,37195,81801
2023,37197,37667
2024,37199,18069
2025,38000,762062
2026,38001,2216
2027,38003,10415
2028,38005,6832
2029,38007,928
2030,38009,6282
2031,38011,3024
2032,38013,2115
2033,38015,95626
2034,38017,181923
2035,38019,3762
2036,38021,4872
2037,38023,2264
2038,38025,4424
2039,38027,2287
2040,38029,3241
2041,38031,3210
2042,38033,1761
2043,38035,69451
2044,38037,2274
2045,38039,2231
2046,38041,2499
2047,38043,2480
2048,38045,4046
2049,38047,1850
2050,38049,5745
2051,38051,2497
2052,38053,15024
2053,38055,9450
2054,38057,8187
2055,38059,31364
2056,38061,10545
2057,38063,2879
2058,38065,1959
2059,38067,6801
2060,38069,3975
2061,38071,11519
2062,38073,5218
2063,38075,2327
2064,38077,16177
2065,38079,14176
2066,38081,3898
2067,38083,1315
2068,38085,4230
2069,38087,750
2070,38089,31489
2071,38091,1890
2072,38093,20704
2073,38095,2189
2074,38097,8036
2075,38099,10641
2076,38101,67641
2077,38103,3834
2078,38105,37589
2079,39000,11689100
2080,39001,27698
2081,39003,102351
2082,39005,53484
2083,39007,97241
2084,39009,65327
2085,39011,45656
2086,39013,67006
2087,39015,43432
2088,39017,383134
2089,39019,26914
2090,39021,38885
2091,39023,134083
2092,39025,206428
2093,39027,41968
2094,39029,101883
2095,39031,36600
2096,39033,41494
2097,39035,1235072
2098,39037,51113
2099,39039,38087
2100,39041,209177
2101,39043,74266
2102,39045,157574
2103,39047,28525
2104,39049,1316756
2105,39051,42126
2106,39053,29898
2107,39055,93649
2108,39057,168937
2109,39059,38875
2110,39061,817473
2111,39063,75783
2112,39065,31365
2113,39067,15040
2114,39069,27006
2115,39071,43161
2116,39073,28264
2117,39075,43960
2118,39077,58266
2119,39079,32413
2120,39081,65325
2121,39083,62322
2122,39085,230149
2123,39087,59463
2124,39089,176862
2125,39091,45672
2126,39093,309833
2127,39095,428348
2128,39097,44731
2129,39099,228683
2130,39101,65093
2131,39103,179746
2132,39105,22907
2133,39107,41172
2134,39109,106987
2135,39111,13654
2136,39113,531687
2137,39115,14508
2138,39117,35328
2139,39119,86215
2140,39121,14424
2141,39123,40525
2142,39125,18672
2143,39127,36134
2144,39129,58457
2145,39131,27772
2146,39133,162466
2147,39135,40882
2148,39137,33861
2149,39139,121154
2150,39141,76666
2151,39143,58518
2152,39145,75314
2153,39147,55178
2154,39149,48590
2155,39151,370606
2156,39153,541013
2157,39155,197974
2158,39157,91987
2159,39159,58988
2160,39161,28275
2161,39163,13085
2162,39165,234602
2163,39167,59911
2164,39169,115710
2165,39171,36692
2166,39173,130817
2167,39175,21772
2168,40000,3956971
2169,40001,22194
2170,40003,5702
2171,40005,13758
2172,40007,5311
2173,40009,21859
2174,40011,9429
2175,40013,47995
2176,40015,28762
2177,40017,148306
2178,40019,48111
2179,40021,48657
2180,40023,14672
2181,40025,2137
2182,40027,284014
2183,40029,5495
2184,40031,120749
2185,40033,5666
2186,40035,14142
2187,40037,71522
2188,40039,29003
2189,40041,43009
2190,40043,4891
2191,40045,3859
2192,40047,61056
2193,40049,27711
2194,40051,55834
2195,40053,4333
2196,40055,5712
2197,40057,2653
2198,40059,3688
2199,40061,12627
2200,40063,13279
2201,40065,24530
2202,40067,6002
2203,40069,11085
2204,40071,43538
2205,40073,15765
2206,40075,8708
2207,40077,10073
2208,40079,49853
2209,40081,34877
2210,40083,48011
2211,40085,10253
2212,40087,40474
2213,40089,32832
2214,40091,19596
2215,40093,7629
2216,40095,16931
2217,40097,41100
2218,40099,14073
2219,40101,67997
2220,40103,11131
2221,40105,10076
2222,40107,11993
2223,40109,797434
2224,40111,38465
2225,40113,46963
2226,40115,31127
2227,40117,16376
2228,40119,81784
2229,40121,43654
2230,40123,38284
2231,40125,72592
2232,40127,11096
2233,40129,3583
2234,40131,92459
2235,40133,24258
2236,40135,41569
2237,40137,43143
2238,40139,19983
2239,40141,7250
2240,40143,651552
2241,40145,81289
2242,40147,51527
2243,40149,10916
2244,40151,8793
2245,40153,20211
2246,41000,4217737
2247,41001,16124
2248,41003,93053
2249,41005,418187
2250,41007,40224
2251,41009,52354
2252,41011,64487
2253,41013,24404
2254,41015,22925
2255,41017,197692
2256,41019,110980
2257,41021,1912
2258,41023,7199
2259,41025,7393
2260,41027,23382
2261,41029,220944
2262,41031,24658
2263,41033,87487
2264,41035,68238
2265,41037,7869
2266,41039,382067
2267,41041,49962
2268,41043,129749
2269,41045,30571
2270,41047,347818
2271,41049,11603
2272,41051,812855
2273,41053,86085
2274,41055,1780
2275,41057,27036
2276,41059,77950
2277,41061,26835
2278,41063,7208
2279,41065,26682
2280,41067,601592
2281,41069,1332
2282,41071,107100
2283,42000,12801989
2284,42001,103009
2285,42003,1216045
2286,42005,64735
2287,42007,163929
2288,42009,47888
2289,42011,421164
2290,42013,121829
2291,42015,60323
2292,42017,628270
2293,42019,187853
2294,42021,130192
2295,42023,4447
2296,42025,64182
2297,42027,162385
2298,42029,524989
2299,42031,38438
2300,42033,79255
2301,42035,38632
2302,42037,64964
2303,42039,84629
2304,42041,253370
2305,42043,278299
2306,42045,566747
2307,42047,29910
2308,42049,269728
2309,42051,129274
2310,42053,7247
2311,42055,155027
2312,42057,14530
2313,42059,36233
2314,42061,45144
2315,42063,84073
2316,42065,43425
2317,42067,24763
2318,42069,209674
2319,42071,545724
2320,42073,85512
2321,42075,141793
2322,42077,369318
2323,42079,317417
2324,42081,113299
2325,42083,40625
2326,42085,109424
2327,42087,46138
2328,42089,170271
2329,42091,830915
2330,42093,18230
2331,42095,305285
2332,42097,90843
2333,42099,46272
2334,42101,1584064
2335,42103,55809
2336,42105,16526
2337,42107,141359
2338,42109,40372
2339,42111,73447
2340,42113,6066
2341,42115,40328
2342,42117,40591
2343,42119,44923
2344,42121,50668
2345,42123,39191
2346,42125,206865
2347,42127,51361
2348,42129,348899
2349,42131,26794
2350,42133,449058
2351,44000,1059361
2352,44001,48479
2353,44003,164292
2354,44005,82082
2355,44007,638931
2356,44009,125577
2357,45000,5148714
2358,45001,24527
2359,45003,170872
2360,45005,8688
2361,45007,202558
2362,45009,14066
2363,45011,20866
2364,45013,192122
2365,45015,227907
2366,45017,14553
2367,45019,411406
2368,45021,57300
2369,45023,32244
2370,45025,45650
2371,45027,33745
2372,45029,37677
2373,45031,66618
2374,45033,30479
2375,45035,162809
2376,45037,27260
2377,45039,22347
2378,45041,138293
2379,45043,62680
2380,45045,523542
2381,45047,70811
2382,45049,19222
2383,45051,354081
2384,45053,30073
2385,45055,66551
2386,45057,98012
2387,45059,67493
2388,45061,16828
2389,45063,298750
2390,45065,9463
2391,45067,30657
2392,45069,26118
2393,45071,38440
2394,45073,79546
2395,45075,86175
2396,45077,126884
2397,45079,415759
2398,45081,20473
2399,45083,319785
2400,45085,106721
2401,45087,27316
2402,45089,30368
2403,45091,280979
2404,46000,884659
2405,46003,2751
2406,46005,18453
2407,46007,3365
2408,46009,6901
2409,46011,35077
2410,46013,38839
2411,46015,5297
2412,46017,1962
2413,46019,10429
2414,46021,1376
2415,46023,9292
2416,46025,3736
2417,46027,14070
2418,46029,28009
2419,46031,4086
2420,46033,8972
2421,46035,19775
2422,46037,5424
2423,46039,4351
2424,46041,5892
2425,46043,2921
2426,46045,3829
2427,46047,6713
2428,46049,2299
2429,46051,7052
2430,46053,4185
2431,46055,1899
2432,46057,6164
2433,46059,3191
2434,46061,3453
2435,46063,1298
2436,46065,17526
2437,46067,7291
2438,46069,1301
2439,46071,3344
2440,46073,2013
2441,46075,903
2442,46077,4939
2443,46079,12797
2444,46081,25844
2445,46083,61128
2446,46085,3781
2447,46087,5586
2448,46089,2379
2449,46091,4935
2450,46093,28332
2451,46095,2061
2452,46097,2216
2453,46099,193134
2454,46101,6576
2455,46102,14177
2456,46103,113775
2457,46105,2865
2458,46107,2153
2459,46109,10394
2460,46111,2344
2461,46115,6376
2462,46117,3098
2463,46119,1391
2464,46121,10177
2465,46123,5441
2466,46125,8384
2467,46127,15932
2468,46129,5435
2469,46135,22814
2470,46137,2756
2471,47000,6829174
2472,47001,76978
2473,47003,49713
2474,47005,16160
2475,47007,15064
2476,47009,133088
2477,47011,108110
2478,47013,39842
2479,47015,14678
2480,47017,27767
2481,47019,56391
2482,47021,40667
2483,47023,17297
2484,47025,31959
2485,47027,7615
2486,47029,36004
2487,47031,56520
2488,47033,14230
2489,47035,60520
2490,47037,694144
2491,47039,11663
2492,47041,20490
2493,47043,53948
2494,47045,37159
2495,47047,41133
2496,47049,18523
2497,47051,42208
2498,47053,49133
2499,47055,29464
2500,47057,23320
2501,47059,69069
2502,47061,13427
2503,47063,64934
2504,47065,367804
2505,47067,6620
2506,47069,25050
2507,47071,25652
2508,47073,56786
2509,47075,17304
2510,47077,28117
2511,47079,32345
2512,47081,25178
2513,47083,8201
2514,47085,18582
2515,47087,11786
2516,47089,54495
2517,47091,17788
2518,47093,470313
2519,47095,7016
2520,47097,25633
2521,47099,44142
2522,47101,12268
2523,47103,34366
2524,47105,54068
2525,47107,53794
2526,47109,25694
2527,47111,24602
2528,47113,97984
2529,47115,28907
2530,47117,34375
2531,47119,96387
2532,47121,12422
2533,47123,46545
2534,47125,208993
2535,47127,6488
2536,47129,21403
2537,47131,30069
2538,47133,22241
2539,47135,8076
2540,47137,5048
2541,47139,16832
2542,47141,80245
2543,47143,33167
2544,47145,53382
2545,47147,71813
2546,47149,332285
2547,47151,22068
2548,47153,15026
2549,47155,98250
2550,47157,937166
2551,47159,20157
2552,47161,13715
2553,47163,158348
2554,47165,191283
2555,47167,61599
2556,47169,11284
2557,47171,17883
2558,47173,19972
2559,47175,5872
2560,47177,41277
2561,47179,129375
2562,47181,16673
2563,47183,33328
2564,47185,27345
2565,47187,238412
2566,47189,144657
2567,48000,28995881
2568,48001,57735
2569,48003,18705
2570,48005,86715
2571,48007,23510
2572,48009,8553
2573,48011,1887
2574,48013,51153
2575,48015,30032
2576,48017,7000
2577,48019,23112
2578,48021,88723
2579,48023,3509
2580,48025,32565
2581,48027,362924
2582,48029,2003554
2583,48031,11931
2584,48033,654
2585,48035,18685
2586,48037,93245
2587,48039,374264
2588,48041,229211
2589,48043,9203
2590,48045,1546
2591,48047,7093
2592,48049,37864
2593,48051,18443
2594,48053,48155
2595,48055,43664
2596,48057,21290
2597,48059,13943
2598,48061,423163
2599,48063,13094
2600,48065,5926
2601,48067,30026
2602,48069,7530
2603,48071,43837
2604,48073,52646
2605,48075,7306
2606,48077,10471
2607,48079,2853
2608,48081,3387
2609,48083,8175
2610,48085,1034730
2611,48087,2920
2612,48089,21493
2613,48091,156209
2614,48093,13635
2615,48095,2726
2616,48097,41257
2617,48099,75951
2618,48101,1398
2619,48103,4797
2620,48105,3464
2621,48107,5737
2622,48109,2171
2623,48111,7287
2624,48113,2635516
2625,48115,12728
2626,48117,18546
2627,48119,5331
2628,48121,887207
2629,48123,20160
2630,48125,2211
2631,48127,10124
2632,48129,3278
2633,48131,11157
2634,48133,18360
2635,48135,166223
2636,48137,1932
2637,48139,184826
2638,48141,839238
2639,48143,42698
2640,48145,17297
2641,48147,35514
2642,48149,25346
2643,48151,3830
2644,48153,5712
2645,48155,1155
2646,48157,811688
2647,48159,10725
2648,48161,19717
2649,48163,20306
2650,48165,21492
2651,48167,342139
2652,48169,6229
2653,48171,26988
2654,48173,1409
2655,48175,7658
2656,48177,20837
2657,48179,21886
2658,48181,136212
2659,48183,123945
2660,48185,28880
2661,48187,166847
2662,48189,33406
2663,48191,2964
2664,48193,8461
2665,48195,5399
2666,48197,3933
2667,48199,57602
2668,48201,4713325
2669,48203,66553
2670,48205,5576
2671,48207,5658
2672,48209,230191
2673,48211,3819
2674,48213,82737
2675,48215,868707
2676,48217,36649
2677,48219,23021
2678,48221,61643
2679,48223,37084
2680,48225,22968
2681,48227,36664
2682,48229,4886
2683,48231,98594
2684,48233,20938
2685,48235,1536
2686,48237,8935
2687,48239,14760
2688,48241,35529
2689,48243,2274
2690,48245,251565
2691,48247,5200
2692,48249,40482
2693,48251,175817
2694,48253,20083
2695,48255,15601
2696,48257,136154
2697,48259,47431
2698,48261,404
2699,48263,762
2700,48265,52600
2701,48267,4337
2702,48269,272
2703,48271,3667
2704,48273,30680
2705,48275,3664
2706,48277,49859
2707,48279,12893
2708,48281,21428
2709,48283,7520
2710,48285,20154
2711,48287,17239
2712,48289,17404
2713,48291,88219
2714,48293,23437
2715,48295,3233
2716,48297,12207
2717,48299,21795
2718,48301,169
2719,48303,310569
2720,48305,5951
2721,48307,7984
2722,48309,256623
2723,48311,743
2724,48313,14284
2725,48315,9854
2726,48317,5771
2727,48319,4274
2728,48321,36643
2729,48323,58722
2730,48325,51584
2731,48327,2138
2732,48329,176832
2733,48331,24823
2734,48333,4873
2735,48335,8545
2736,48337,19818
2737,48339,607391
2738,48341,20940
2739,48343,12388
2740,48345,1200
2741,48347,65204
2742,48349,50113
2743,48351,13595
2744,48353,14714
2745,48355,362294
2746,48357,9836
2747,48359,2112
2748,48361,83396
2749,48363,29189
2750,48365,23194
2751,48367,142878
2752,48369,9605
2753,48371,15823
2754,48373,51353
2755,48375,117415
2756,48377,6704
2757,48379,12514
2758,48381,137713
2759,48383,3849
2760,48385,3452
2761,48387,12023
2762,48389,15976
2763,48391,6948
2764,48393,854
2765,48395,17074
2766,48397,104915
2767,48399,10264
2768,48401,54406
2769,48403,10542
2770,48405,8237
2771,48407,28859
2772,48409,66730
2773,48411,6055
2774,48413,2793
2775,48415,16703
2776,48417,3265
2777,48419,25274
2778,48421,3022
2779,48423,232751
2780,48425,9128
2781,48427,64633
2782,48429,9366
2783,48431,1291
2784,48433,1350
2785,48435,3776
2786,48437,7397
2787,48439,2102515
2788,48441,138034
2789,48443,776
2790,48445,12337
2791,48447,1501
2792,48449,32750
2793,48451,119200
2794,48453,1273954
2795,48455,14651
2796,48457,21672
2797,48459,41753
2798,48461,3657
2799,48463,26741
2800,48465,49025
2801,48467,56590
2802,48469,92084
2803,48471,72971
2804,48473,55246
2805,48475,11998
2806,48477,35882
2807,48479,276652
2808,48481,41556
2809,48483,5056
2810,48485,132230
2811,48487,12769
2812,48489,21358
2813,48491,590551
2814,48493,51070
2815,48495,8010
2816,48497,69984
2817,48499,45539
2818,48501,8713
2819,48503,18010
2820,48505,14179
2821,48507,11840
2822,49000,3205958
2823,49001,6710
2824,49003,56046
2825,49005,128289
2826,49007,20463
2827,49009,950
2828,49011,355481
2829,49013,19938
2830,49015,10012
2831,49017,5051
2832,49019,9754
2833,49021,54839
2834,49023,12017
2835,49025,7886
2836,49027,13188
2837,49029,12124
2838,49031,1479
2839,49033,2483
2840,49035,1160437
2841,49037,15308
2842,49039,30939
2843,49041,21620
2844,49043,42145
2845,49045,72259
2846,49047,35734
2847,49049,636235
2848,49051,34091
2849,49053,177556
2850,49055,2711
2851,49057,260213
2852,50000,623989
2853,50001,36777
2854,50003,35470
2855,50005,29993
2856,50007,163774
2857,50009,6163
2858,50011,49402
2859,50013,7235
2860,50015,25362
2861,50017,28892
2862,50019,27037
2863,50021,58191
2864,50023,58409
2865,50025,42222
2866,50027,55062
2867,51000,8535519
2868,51001,32316
2869,51003,109330
2870,51005,14860
2871,51007,13145
2872,51009,31605
2873,51011,15911
2874,51013,236842
2875,51015,75558
2876,51017,4147
2877,51019,78997
2878,51021,6280
2879,51023,33419
2880,51025,16231
2881,51027,21004
2882,51029,17148
2883,51031,54885
2884,51033,30725
2885,51035,29791
2886,51036,6963
2887,51037,11880
2888,51041,352802
2889,51043,14619
2890,51045,5131
2891,51047,52605
2892,51049,9932
2893,51051,14318
2894,51053,28544
2895,51057,10953
2896,51059,1147532
2897,51061,71222
2898,51063,15749
2899,51065,27270
2900,51067,56042
2901,51069,89313
2902,51071,16720
2903,51073,37348
2904,51075,23753
2905,51077,15550
2906,51079,19819
2907,51081,11336
2908,51083,33911
2909,51085,107766
2910,51087,330818
2911,51089,50557
2912,51091,2190
2913,51093,37109
2914,51095,76523
2915,51097,7025
2916,51099,26836
2917,51101,17148
2918,51103,10603
2919,51105,23423
2920,51107,413538
2921,51109,37591
2922,51111,12196
2923,51113,13261
2924,51115,8834
2925,51117,30587
2926,51119,10582
2927,51121,98535
2928,51125,14930
2929,51127,23091
2930,51131,11710
2931,51133,12095
2932,51135,15232
2933,51137,37051
2934,51139,23902
2935,51141,17608
2936,51143,60354
2937,51145,29652
2938,51147,22802
2939,51149,38353
2940,51153,470335
2941,51155,34027
2942,51157,7370
2943,51159,9023
2944,51161,94186
2945,51163,22573
2946,51165,81948
2947,51167,26586
2948,51169,21566
2949,51171,43616
2950,51173,30104
2951,51175,17631
2952,51177,136215
2953,51179,152882
2954,51181,6422
2955,51183,11159
2956,51185,40595
2957,51187,40164
2958,51191,53740
2959,51193,18015
2960,51195,37383
2961,51197,28684
2962,51199,68280
2963,51510,159428
2964,51520,16762
2965,51530,6478
2966,51540,47266
2967,51550,244835
2968,51570,17370
2969,51580,5538
2970,51590,40044
2971,51595,5346
2972,51600,24019
2973,51610,14617
2974,51620,7967
2975,51630,29036
2976,51640,6347
2977,51650,134510
2978,51660,53016
2979,51670,22529
2980,51678,7446
2981,51680,82168
2982,51683,41085
2983,51685,17478
2984,51690,12554
2985,51700,179225
2986,51710,242742
2987,51720,3981
2988,51730,31346
2989,51735,12271
2990,51740,94398
2991,51750,18249
2992,51760,230436
2993,51770,99143
2994,51775,25301
2995,51790,24932
2996,51800,92108
2997,51810,449974
2998,51820,22630
2999,51830,14954
3000,51840,28078
3001,53000,7614893
3002,53001,19983
3003,53003,22582
3004,53005,204390
3005,53007,77200
3006,53009,77331
3007,53011,488241
3008,53013,3985
3009,53015,110593
3010,53017,43429
3011,53019,7627
3012,53021,95222
3013,53023,2225
3014,53025,97733
3015,53027,75061
3016,53029,85141
3017,53031,32221
3018,53033,2252782
3019,53035,271473
3020,53037,47935
3021,53039,22425
3022,53041,80707
3023,53043,10939
3024,53045,66768
3025,53047,42243
3026,53049,22471
3027,53051,13724
3028,53053,904980
3029,53055,17582
3030,53057,129205
3031,53059,12083
3032,53061,822083
3033,53063,522798
3034,53065,45723
3035,53067,290536
3036,53069,4488
3037,53071,60760
3038,53073,229247
3039,53075,50104
3040,53077,250873
3041,54000,1792147
3042,54001,16441
3043,54003,119171
3044,54005,21457
3045,54007,13957
3046,54009,21939
3047,54011,91945
3048,54013,7109
3049,54015,8508
3050,54017,8448
3051,54019,42406
3052,54021,7823
3053,54023,11568
3054,54025,34662
3055,54027,23175
3056,54029,28810
3057,54031,13776
3058,54033,67256
3059,54035,28576
3060,54037,57146
3061,54039,178124
3062,54041,15907
3063,54043,20409
3064,54045,32019
3065,54047,17624
3066,54049,56072
3067,54051,30531
3068,54053,26516
3069,54055,58758
3070,54057,26868
3071,54059,23424
3072,54061,105612
3073,54063,13275
3074,54065,17884
3075,54067,24496
3076,54069,41411
3077,54071,6969
3078,54073,7460
3079,54075,8247
3080,54077,33432
3081,54079,56450
3082,54081,73361
3083,54083,28695
3084,54085,9554
3085,54087,13688
3086,54089,12573
3087,54091,16695
3088,54093,6839
3089,54095,8591
3090,54097,24176
3091,54099,39402
3092,54101,8114
3093,54103,15065
3094,54105,5821
3095,54107,83518
3096,54109,20394
3097,55000,5822434
3098,55001,20220
3099,55003,15562
3100,55005,45244
3101,55007,15036
3102,55009,264542
3103,55011,13031
3104,55013,15414
3105,55015,50089
3106,55017,64658
3107,55019,34774
3108,55021,57532
3109,55023,16131
3110,55025,546695
3111,55027,87839
3112,55029,27668
3113,55031,43150
3114,55033,45368
3115,55035,104646
3116,55037,4295
3117,55039,103403
3118,55041,9004
3119,55043,51439
3120,55045,36960
3121,55047,18913
3122,55049,23678
3123,55051,5687
3124,55053,20643
3125,55055,84769
3126,55057,26687
3127,55059,169561
3128,55061,20434
3129,55063,118016
3130,55065,16665
3131,55067,19189
3132,55069,27593
3133,55071,78981
3134,55073,135692
3135,55075,40350
3136,55077,15574
3137,55078,4556
3138,55079,945726
3139,55081,46253
3140,55083,37930
3141,55085,35595
3142,55087,187885
3143,55089,89221
3144,55091,7287
3145,55093,42754
3146,55095,43783
3147,55097,70772
3148,55099,13351
3149,55101,196311
3150,55103,17252
3151,55105,163354
3152,55107,14178
3153,55109,90687
3154,55111,64442
3155,55113,16558
3156,55115,40899
3157,55117,115340
3158,55119,20343
3159,55121,29649
3160,55123,30822
3161,55125,22195
3162,55127,103868
3163,55129,15720
3164,55131,136034
3165,55133,404198
3166,55135,50990
3167,55137,24443
3168,55139,171907
3169,55141,72999
3170,56000,578759
3171,56001,38880
3172,56003,11790
3173,56005,46341
3174,56007,14800
3175,56009,13822
3176,56011,7584
3177,56013,39261
3178,56015,13211
3179,56017,4413
3180,56019,8445
3181,56021,99500
3182,56023,19830
3183,56025,79858
3184,56027,2356
3185,56029,29194
3186,56031,8393
3187,56033,30485
3188,56035,9831
3189,56037,42343
3190,56039,23464
3191,56041,20226
3192,56043,7805
3193,56045,6927
3194,72000,3193694
3195,72001,17363
3196,72003,36694
3197,72005,50265
3198,72007,24814
3199,72009,22108
3200,72011,26161
3201,72013,81966
3202,72015,17238
3203,72017,23727
3204,72019,27725
3205,72021,169269
3206,72023,47515
3207,72025,124606
3208,72027,30504
3209,72029,44674
3210,72031,146984
3211,72033,23121
3212,72035,42409
3213,72037,10904
3214,72039,15808
3215,72041,38307
3216,72043,38336
3217,72045,18648
3218,72047,32293
3219,72049,1714
3220,72051,36141
3221,72053,29454
3222,72054,11317
3223,72055,15383
3224,72057,39465
3225,72059,17623
3226,72061,83728
3227,72063,47093
3228,72065,39218
3229,72067,15518
3230,72069,50653
3231,72071,40423
3232,72073,13891
3233,72075,44679
3234,72077,38155
3235,72079,22010
3236,72081,24276
3237,72083,7927
3238,72085,37007
3239,72087,24553
3240,72089,17665
3241,72091,37287
3242,72093,5430
3243,72095,10321
3244,72097,71530
3245,72099,34891
3246,72101,30335
3247,72103,25761
3248,72105,27349
3249,72107,20220
3250,72109,16211
3251,72111,19249
3252,72113,131881
3253,72115,22918
3254,72117,13656
3255,72119,48025
3256,72121,21712
3257,72123,27128
3258,72125,30227
3259,72127,318441
3260,72129,35989
3261,72131,35528
3262,72133,21209
3263,72135,72025
3264,72137,74271
3265,72139,63674
3266,72141,27395
3267,72143,36061
3268,72145,50023
3269,72147,8386
3270,72149,21372
3271,72151,32282
3272,72153,33575
