,COUNTYFP,POP_DENSITY
0,1001.0,35.85341899401889
1,1003.0,50.54150356400234
2,1005.0,11.247981205618979
3,1007.0,13.973114000554636
4,1009.0,34.51581642335307
5,1011.0,6.417619549676033
6,1013.0,9.95277078503475
7,1015.0,73.34868800196539
8,1017.0,21.89263808215644
9,1019.0,18.03332829572462
10,1021.0,24.48066938943759
11,1023.0,5.526508604392431
12,1025.0,7.603131652328075
13,1027.0,8.552331345035629
14,1029.0,10.297353913684516
15,1031.0,29.16467291381186
16,1033.0,35.49694998148716
17,1035.0,5.68299517064302
18,1037.0,6.438885281791675
19,1039.0,13.993703459115663
20,1041.0,8.792273306336291
21,1043.0,43.252675634722976
22,1045.0,33.893125488288
23,1047.0,15.791033378648788
24,1049.0,35.375779834907085
25,1051.0,50.70144020977006
26,1053.0,15.24764898116705
27,1055.0,74.25054812281321
28,1057.0,10.201801349626042
29,1059.0,19.21135615457855
30,1061.0,17.80431585138329
31,1063.0,5.028100130736511
32,1065.0,8.925557000682662
33,1067.0,11.769665736290078
34,1069.0,69.4820926648789
35,1071.0,18.658482835128464
36,1073.0,229.2513381276047
37,1075.0,8.894097027890817
38,1077.0,53.51282236206409
39,1079.0,18.54305046100013
40,1081.0,101.22786443824596
41,1083.0,64.16149688444018
42,1085.0,5.520435979311412
43,1087.0,12.083540551351534
44,1089.0,172.22750004641415
45,1091.0,7.722101607871429
46,1093.0,15.585206727323355
47,1095.0,64.92182298923204
48,1097.0,130.22992894994908
49,1099.0,8.09796562551444
50,1101.0,111.57821728586207
51,1103.0,79.38223066384552
52,1105.0,5.089327131030555
53,1107.0,8.891346444157929
54,1109.0,19.18998513747342
55,1111.0,15.013142302193014
56,1113.0,35.05587425981998
57,1115.0,53.37058400322323
58,1117.0,103.8590388456221
59,1119.0,5.547014404079896
60,1121.0,42.219157364741015
61,1123.0,21.896958460470223
62,1125.0,60.27841134098276
63,1127.0,31.480176797023
64,1129.0,5.948771806486049
65,1131.0,4.69736954024345
66,1133.0,15.038338282956989
67,2013.0,0.1893179841372296
68,2016.0,0.5054718032116347
69,2020.0,67.00029188135747
70,2050.0,0.17143592866634275
71,2060.0,0.7129559284570515
72,2068.0,0.0681951983542993
73,2070.0,0.10478532176015172
74,2090.0,5.24949098254823
75,2100.0,0.4155448939699766
76,2105.0,0.12554789922492465
77,2110.0,4.616610188359926
78,2122.0,1.4028853068612568
79,2130.0,1.0973632644438007
80,2150.0,0.796616253836105
81,2158.0,0.185386083250832
82,2164.0,0.022215412551111167
83,2170.0,1.6164123013818061
84,2180.0,0.16681479048315562
85,2185.0,0.04258563111150244
86,2188.0,0.0837655920658693
87,2195.0,0.4332745375348883
88,2198.0,0.47496369974008357
89,2220.0,1.1755201415908065
90,2230.0,0.9440500246644858
91,2240.0,0.10695172696900553
92,2261.0,0.10493677295699684
93,2275.0,0.3752267554082052
94,2282.0,0.034896325139645905
95,2290.0,0.014362075177534272
96,4001.0,2.4661635471982977
97,4003.0,7.909160030827599
98,4005.0,2.9077305777694975
99,4007.0,4.333306677519359
100,4009.0,3.1637710779532813
101,4011.0,1.9921600306931828
102,4012.0,1.7763022381966895
103,4013.0,178.5411739909626
104,4015.0,5.977113496152563
105,4017.0,4.218261644247611
106,4019.0,42.85483110264774
107,4021.0,30.20127806657332
108,4023.0,14.541081120016846
109,4025.0,10.677147061633983
110,4027.0,14.552702172682674
111,5001.0,7.0772354535498625
112,5003.0,8.568999576947528
113,5005.0,28.71527106747738
114,5007.0,117.97745577826467
115,5009.0,24.40204536127546
116,5011.0,6.51079736886142
117,5013.0,3.1953799224079074
118,5015.0,17.091803086757942
119,5017.0,6.487205339617876
120,5019.0,9.979357948848447
121,5021.0,9.093629023008786
122,5023.0,17.592079496084526
123,5025.0,5.313083762645055
124,5027.0,12.04300901481829
125,5029.0,14.616170313729755
126,5031.0,57.70123977315795
127,5033.0,40.79968711201149
128,5035.0,31.006068060158388
129,5037.0,10.647561881309779
130,5039.0,4.299625821591703
131,5041.0,5.974983295342561
132,5043.0,8.623895565260474
133,5045.0,72.94679146583344
134,5047.0,11.275184564244428
135,5049.0,7.581608118440685
136,5051.0,55.9998517852055
137,5053.0,11.05241581924833
138,5055.0,29.824105409155752
139,5057.0,11.685173024505819
140,5059.0,21.037030748428304
141,5061.0,8.783240920319779
142,5063.0,18.83321817091316
143,5065.0,9.017189388526837
144,5067.0,10.49119353348582
145,5069.0,31.25451479929635
146,5071.0,15.38292036171906
147,5073.0,5.053796893232187
148,5075.0,10.95289482562612
149,5077.0,6.021341533442862
150,5079.0,9.41600591939292
151,5081.0,9.007542588418696
152,5083.0,11.862963844217244
153,5085.0,36.163971769287556
154,5087.0,7.440154385110273
155,5089.0,10.631847109961228
156,5091.0,27.001252709047733
157,5093.0,18.362857810596424
158,5095.0,4.609912671497042
159,5097.0,4.452369013266672
160,5099.0,5.27436382601417
161,5101.0,3.6911892541488878
162,5103.0,12.701415317349413
163,5105.0,7.225543510132426
164,5107.0,10.564647735083975
165,5109.0,6.9477371814941655
166,5111.0,12.24652428733507
167,5113.0,9.076778703232863
168,5115.0,30.243048628097448
169,5117.0,4.912934335263161
170,5119.0,200.17658914330354
171,5121.0,10.420592425662367
172,5123.0,15.992627689366017
173,5125.0,62.972485042228485
174,5127.0,4.518266116494164
175,5129.0,4.592572330924571
176,5131.0,92.5238426086721
177,5133.0,11.746413353644629
178,5135.0,10.886890474786888
179,5137.0,7.924463968701049
180,5139.0,14.761722092378756
181,5141.0,9.076268141227668
182,5143.0,93.66695805102603
183,5145.0,29.395131605339703
184,5147.0,4.382376796545087
185,5149.0,8.954998446679493
186,6001.0,860.757074949889
187,6003.0,0.5992806655328687
188,6005.0,24.565345262291142
189,6007.0,53.5751590644998
190,6009.0,17.122605806613084
191,6011.0,7.20188011858262
192,6013.0,610.1802904221098
193,6015.0,10.522931110137694
194,6017.0,42.19958000732409
195,6019.0,63.38567735763401
196,6021.0,8.197380558880463
197,6023.0,14.691077966101973
198,6025.0,16.659990731157915
199,6027.0,0.6858560107034465
200,6029.0,41.925452311526094
201,6031.0,41.677267952869116
202,6033.0,19.71137641361459
203,6035.0,2.651421461283888
204,6037.0,960.7427779314569
205,6039.0,28.007897706430686
206,6041.0,193.10050611939766
207,6043.0,4.674251880769922
208,6045.0,9.626461048756239
209,6047.0,53.67222175681142
210,6049.0,0.8813761089710276
211,6051.0,1.7948955171533065
212,6053.0,50.96841445170997
213,6055.0,72.50862772437289
214,6057.0,39.946991198927854
215,6059.0,1541.026669804953
216,6061.0,104.29283136802513
217,6063.0,2.8278684641424348
218,6065.0,127.68811055642149
219,6067.0,603.8906190718141
220,6069.0,16.520088073011483
221,6071.0,41.10128555431069
222,6073.0,302.9941503051137
223,6075.0,7168.190471367983
224,6077.0,203.0389818260071
225,6079.0,32.9240586038183
226,6081.0,659.174654397823
227,6083.0,62.63967412288662
228,6085.0,574.8383699140456
229,6087.0,237.46465801129983
230,6089.0,18.31466417180971
231,6091.0,1.186862083073867
232,6093.0,2.6774184412069095
233,6095.0,206.04440569535586
234,6097.0,122.82692448850655
235,6099.0,139.18656267573078
236,6101.0,61.43488729189296
237,6103.0,8.296818814178614
238,6105.0,1.562009464989188
239,6107.0,36.85265631666554
240,6109.0,9.376087587130742
241,6111.0,177.72791934857432
242,6113.0,81.79800558421522
243,6115.0,46.119104087607006
244,8001.0,164.5753082351694
245,8003.0,8.786695110174088
246,8005.0,308.07171541554584
247,8007.0,3.691471259177977
248,8009.0,0.5384289458122217
249,8011.0,1.4825476627844096
250,8013.0,170.64352990938377
251,8014.0,773.525167574892
252,8015.0,7.301362223120354
253,8017.0,0.44271094894187596
254,8019.0,9.163100805622578
255,8021.0,2.4417852565946094
256,8023.0,1.1596336891105428
257,8025.0,2.7605781351792107
258,8027.0,2.425469150251661
259,8029.0,10.258628672920485
260,8031.0,1746.5336671486712
261,8033.0,0.6660736724797958
262,8035.0,151.00097269386578
263,8037.0,12.45931034201823
264,8039.0,5.249033936759433
265,8041.0,124.92556899333904
266,8043.0,11.837313764195084
267,8045.0,7.667957958270798
268,8047.0,15.259035495942376
269,8049.0,3.1503929927062884
270,8051.0,1.9711924633817612
271,8053.0,0.3034267382217738
272,8055.0,1.5975222719314977
273,8057.0,0.3100826935082808
274,8059.0,288.167016396746
275,8061.0,0.316472036724453
276,8063.0,1.3642450232956667
277,8065.0,7.769797882921121
278,8067.0,12.590134320432584
279,8069.0,50.299060871623574
280,8071.0,1.146996367573167
281,8073.0,0.8310167967474099
282,8075.0,4.554648651442054
283,8077.0,17.397326852189973
284,8079.0,0.3628413304662555
285,8081.0,1.0630899242227507
286,8083.0,4.929472968206809
287,8085.0,7.1102399189968555
288,8087.0,8.520276893385915
289,8089.0,5.6066769847370725
290,8091.0,3.3663183939860986
291,8093.0,3.060796322997234
292,8095.0,2.4234941197925344
293,8097.0,7.1234099943508165
294,8099.0,2.840156145959427
295,8101.0,26.648416902172723
296,8103.0,0.7749684549420062
297,8105.0,4.805762482042543
298,8107.0,4.06597174669611
299,8109.0,0.7881511496885477
300,8111.0,0.5420158879682492
301,8113.0,2.3909216137402165
302,8115.0,1.6556068255892817
303,8117.0,19.312756906863445
304,8119.0,16.713403883822853
305,8121.0,0.7421256332653478
306,8123.0,28.58676378403164
307,8125.0,1.6442503094047485
308,9001.0,583.4165303686373
309,9003.0,470.0338150384141
310,9005.0,76.77098216446892
311,9007.0,170.798815273811
312,9009.0,548.8569871963543
313,9011.0,156.07963609441424
314,9013.0,142.3296360788553
315,9015.0,87.72291173178398
316,10001.0,115.22429310426422
317,10003.0,502.7696186296278
318,10005.0,90.54899836674873
319,11001.0,4322.952568684765
320,12001.0,116.11221044694017
321,12003.0,18.3309927280302
322,12005.0,92.8857425187264
323,12007.0,35.43517528449652
324,12009.0,219.37646340218075
325,12011.0,612.6877167923819
326,12013.0,9.829928188883336
327,12015.0,100.31072527439996
328,12017.0,94.93927793606947
329,12019.0,132.33801707103154
330,12021.0,70.3852284247344
331,12023.0,33.45442557340352
332,12027.0,22.07300896193939
333,12029.0,9.000593262137485
334,12031.0,467.7286985511374
335,12033.0,183.081899788008
336,12035.0,85.26646661770997
337,12037.0,8.312154043683115
338,12039.0,34.41309565426063
339,12041.0,19.44892618685899
340,12043.0,6.396443472122491
341,12045.0,11.201001248815711
342,12047.0,10.723011853297262
343,12049.0,16.488529546225323
344,12051.0,13.399699997857791
345,12053.0,149.20230442753387
346,12055.0,38.75140637524705
347,12057.0,521.006609769935
348,12059.0,15.666412219029418
349,12061.0,115.94498388705377
350,12063.0,20.382948239615168
351,12065.0,9.105798596044796
352,12067.0,6.213187459401911
353,12069.0,136.19888606066294
354,12071.0,354.8307686781603
355,12073.0,166.81392636529705
356,12075.0,13.797682358259582
357,12077.0,3.8653498017061456
358,12079.0,10.240568066938149
359,12081.0,194.23900847381177
360,12083.0,84.68030731119433
361,12085.0,111.88677417726953
362,12086.0,552.1870708032196
363,12087.0,29.97806808074131
364,12089.0,47.960964001305626
365,12091.0,83.31780277458424
366,12093.0,20.37434036892939
367,12095.0,565.2007179041689
368,12097.0,98.47136801282072
369,12099.0,284.0885040265071
370,12101.0,264.0275518647636
371,12103.0,1351.0098953232666
372,12105.0,143.65735226567904
373,12107.0,38.59923127651778
374,12109.0,151.36695295363248
375,12111.0,206.38895961712305
376,12113.0,65.00332156439454
377,12115.0,285.75809206070124
378,12117.0,567.9030650717484
379,12119.0,83.85731716468008
380,12121.0,24.63015901850622
381,12123.0,8.17783965465098
382,12125.0,24.157947696247124
383,12127.0,184.99151478862333
384,12129.0,20.295857303099265
385,12131.0,24.50311443223662
386,12133.0,16.222621876440428
387,13001.0,14.018287555739462
388,13003.0,9.31124089772971
389,13005.0,15.260077681977238
390,13007.0,3.6006826745310425
391,13009.0,67.58826619223284
392,13011.0,30.797521895286884
393,13013.0,184.3449202188838
394,13015.0,87.06431393986075
395,13017.0,26.47984792805795
396,13019.0,16.20197065782662
397,13021.0,237.62306685027494
398,13023.0,22.849190332188666
399,13025.0,16.17660577394019
400,13027.0,12.23231715079939
401,13029.0,31.665547130519872
402,13031.0,42.715670155974244
403,13033.0,10.527492691654677
404,13035.0,49.920675416186725
405,13037.0,8.851659627380217
406,13039.0,32.29088125691277
407,13043.0,17.198799268696316
408,13045.0,89.76724683365751
409,13047.0,157.85519600655093
410,13049.0,6.42590548774051
411,13051.0,255.88618316930058
412,13053.0,16.713072464836692
413,13055.0,30.581171800116287
414,13057.0,221.8137088135939
415,13059.0,403.537333348598
416,13061.0,5.929729840263649
417,13063.0,759.4524648221799
418,13065.0,3.19447925159291
419,13067.0,846.6897774382307
420,13069.0,28.00506939929462
421,13071.0,32.1897996301434
422,13073.0,196.0552786147095
423,13075.0,29.0644541396056
424,13077.0,123.04286518731804
425,13079.0,14.668660072291944
426,13081.0,32.35111078840243
427,13083.0,36.01155909130118
428,13085.0,43.69808396217723
429,13087.0,17.348909959220027
430,13089.0,1071.792082981902
431,13091.0,16.285499626473978
432,13093.0,13.673797564716617
433,13095.0,106.96753855171228
434,13097.0,273.6920767666217
435,13099.0,7.7943602515948385
436,13101.0,3.6680919723458194
437,13103.0,47.32731501877123
438,13105.0,21.12744236208395
439,13107.0,12.764142762512266
440,13109.0,22.645377427942762
441,13111.0,24.865264385068713
442,13113.0,221.22478618165258
443,13115.0,73.32737900030884
444,13117.0,378.06996339422005
445,13119.0,33.233991784071286
446,13121.0,749.0585218120082
447,13123.0,27.106038084498053
448,13125.0,8.08220814930149
449,13127.0,77.27916697184517
450,13129.0,61.621180872828425
451,13131.0,21.17483154188023
452,13133.0,16.908166919818225
453,13135.0,809.1434093042302
454,13137.0,61.771578666105434
455,13139.0,192.52935277305664
456,13141.0,6.995568868160906
457,13143.0,39.622083104473134
458,13145.0,27.959996029663916
459,13147.0,42.578668558837826
460,13149.0,15.231386359534229
461,13151.0,268.1545574205159
462,13153.0,155.73371039450092
463,13155.0,10.098113050665873
464,13157.0,74.74438403913004
465,13159.0,14.446027294965784
466,13161.0,17.490917735082476
467,13163.0,11.565079652033328
468,13165.0,9.812495123905823
469,13167.0,12.397822621762606
470,13169.0,27.98010350795696
471,13171.0,38.953050735686844
472,13173.0,20.364370691134855
473,13175.0,22.678385499422138
474,13177.0,31.84009172532855
475,13179.0,46.430598233715244
476,13181.0,14.313117509898257
477,13183.0,17.507968763168524
478,13185.0,88.9872835213199
479,13187.0,43.60027534479291
480,13189.0,32.23819687676985
481,13191.0,12.638723370643978
482,13193.0,12.990142518043282
483,13195.0,39.522685322548426
484,13197.0,8.949561099609872
485,13199.0,16.26375695028722
486,13201.0,7.978434864745419
487,13205.0,16.91088273359679
488,13207.0,26.32880922606783
489,13209.0,14.467714437033788
490,13211.0,20.266226419249477
491,13213.0,44.334724988137935
492,13215.0,350.83935993335984
493,13217.0,150.20582098705316
494,13219.0,77.53671083206618
495,13221.0,13.000736081380865
496,13223.0,192.6729203420442
497,13225.0,69.28779256343881
498,13227.0,51.29878159403976
499,13229.0,21.73383003640692
500,13231.0,32.30892798474856
501,13233.0,51.78338682201402
502,13235.0,17.495787980046686
503,13237.0,24.087011718155896
504,13239.0,5.810523668671615
505,13241.0,17.166689823495417
506,13243.0,6.3897145528506964
507,13245.0,239.84361524362555
508,13247.0,264.7460085488949
509,13249.0,12.054485664498445
510,13251.0,8.364521574067908
511,13253.0,13.713901908011255
512,13255.0,127.50109415832576
513,13257.0,55.336576840649485
514,13259.0,5.0852034378685325
515,13261.0,24.269366414270852
516,13263.0,6.292033252127071
517,13265.0,3.3033680027128964
518,13267.0,20.358647467084413
519,13269.0,8.397803352352463
520,13271.0,14.228059182973174
521,13273.0,10.187914747763992
522,13275.0,31.71144580163619
523,13277.0,59.94980728652748
524,13279.0,28.689712569980497
525,13281.0,26.48100905517374
526,13283.0,13.120260255162869
527,13285.0,65.07102644197633
528,13287.0,10.770780947525811
529,13289.0,8.902957893302661
530,13291.0,27.301693516796366
531,13293.0,31.29241611596433
532,13295.0,59.528851885334156
533,13297.0,106.4910448347148
534,13299.0,15.28610843933895
535,13301.0,7.258817371070148
536,13303.0,11.643152769291365
537,13305.0,17.903774349241377
538,13307.0,4.8189795426296005
539,13309.0,10.373514697162042
540,13311.0,46.39448435528927
541,13313.0,138.05491227757514
542,13315.0,9.040133430162026
543,13317.0,8.128280055307075
544,13319.0,7.802589674871761
545,13321.0,13.974340934333853
546,15001.0,18.944303271845165
547,15003.0,634.9517851268354
548,15005.0,2.4148676251673384
549,15007.0,44.45801383697054
550,15009.0,54.940769033721196
551,16001.0,163.70753728399964
552,16003.0,1.1386401526862557
553,16005.0,29.522891201442754
554,16007.0,2.3592043717717397
555,16009.0,4.515359407998314
556,16011.0,8.399768946773156
557,16013.0,3.219398972045323
558,16015.0,1.4559456653549674
559,16017.0,9.514596564219946
560,16019.0,23.2567733570853
561,16021.0,3.514744341098412
562,16023.0,0.4492035703994559
563,16025.0,0.3184468548400138
564,16027.0,139.5848719206231
565,16029.0,1.514037096532058
566,16031.0,3.553855592899111
567,16033.0,0.23584675943129807
568,16035.0,1.3575487785258933
569,16037.0,0.324825617302637
570,16039.0,3.3188868407230254
571,16041.0,7.732887223793435
572,16043.0,2.6855810457041485
573,16045.0,11.761650118954275
574,16047.0,8.030460038384456
575,16049.0,0.7440589267674921
576,16051.0,9.873907162413955
577,16053.0,15.141743827856285
578,16055.0,47.9142107312898
579,16057.0,14.081908830400481
580,16059.0,0.6597342730044828
581,16061.0,3.1004515049236
582,16063.0,1.7100980360219857
583,16065.0,31.845579783953678
584,16067.0,10.514582258192007
585,16069.0,18.276033065569763
586,16071.0,1.393115910066017
587,16073.0,0.5767712018121816
588,16075.0,21.86372276977163
589,16077.0,2.1213499104018587
590,16079.0,1.8337265381418062
591,16081.0,9.525938817594565
592,16083.0,16.809806544667065
593,16085.0,1.0956947502358254
594,16087.0,2.6641895775201836
595,17001.0,29.99225903799097
596,17003.0,10.708250297671981
597,17005.0,16.96523476620185
598,17007.0,73.71852194806306
599,17009.0,8.431176356034944
600,17011.0,14.829958979958503
601,17013.0,7.389684232936348
602,17015.0,12.633419312158416
603,17017.0,13.013887915630237
604,17019.0,81.18425592958839
605,17021.0,18.084151465094624
606,17023.0,12.19377880181564
607,17025.0,10.997548482527167
608,17027.0,30.650070939706485
609,17029.0,39.29935727008701
610,17031.0,2134.4207267572315
611,17033.0,16.613374634326572
612,17035.0,12.127076045895878
613,17037.0,63.724104851522256
614,17039.0,15.579980114421192
615,17041.0,18.267969956437675
616,17043.0,1097.7068005170188
617,17045.0,10.863029961617197
618,17047.0,11.295659363492563
619,17049.0,27.56033686709262
620,17051.0,11.706532832048001
621,17053.0,10.65286252446325
622,17055.0,36.943680045730964
623,17057.0,15.796395242446515
624,17059.0,6.164676976628482
625,17061.0,9.398361553013618
626,17063.0,46.64480696222703
627,17065.0,7.3030338934806815
628,17067.0,8.810529687016299
629,17069.0,8.721837436563344
630,17071.0,7.016907046919206
631,17073.0,23.205554269118206
632,17075.0,9.733358959133106
633,17077.0,38.70528381720429
634,17079.0,7.492328536273843
635,17081.0,25.79999368089756
636,17083.0,23.073979372567134
637,17085.0,14.029076058800984
638,17087.0,14.147427456354558
639,17089.0,394.6365021748364
640,17091.0,63.38660190910165
641,17093.0,150.2481057654461
642,17095.0,27.48428762929832
643,17097.0,611.9473932459899
644,17099.0,37.54987470589323
645,17101.0,16.79466841098008
646,17103.0,18.391486111211194
647,17105.0,13.438497436229808
648,17107.0,18.245303640289713
649,17109.0,20.225230949341068
650,17111.0,196.94478439838468
651,17113.0,56.5232912237484
652,17115.0,70.83402700186033
653,17117.0,20.456367413515267
654,17119.0,143.2523604277335
655,17121.0,25.686592694495623
656,17123.0,11.772023621370893
657,17125.0,9.864005991777253
658,17127.0,23.486664369628574
659,17129.0,15.185519621891146
660,17131.0,10.796714933846436
661,17133.0,34.00712549488705
662,17135.0,15.917583350519264
663,17137.0,23.36849171536873
664,17139.0,16.89759553042359
665,17141.0,26.124548104116865
666,17143.0,115.12010125191817
667,17145.0,18.689727938051124
668,17147.0,14.4425944925032
669,17149.0,7.316126072922265
670,17151.0,4.448703804080969
671,17153.0,10.876403096463696
672,17155.0,13.857164372231988
673,17157.0,21.842067360950505
674,17159.0,17.029877296726156
675,17161.0,131.23778938064677
676,17163.0,154.65898930011485
677,17165.0,24.62737221160603
678,17167.0,87.89318765884754
679,17169.0,6.237462724206653
680,17171.0,7.76627348400422
681,17173.0,11.113016671540743
682,17175.0,7.372807136302497
683,17177.0,31.07125530842272
684,17179.0,79.94877324702223
685,17181.0,15.993745161622444
686,17183.0,33.70082418637116
687,17185.0,20.013343900936906
688,17187.0,12.342427745884638
689,17189.0,9.714770174878382
690,17191.0,8.916961044466282
691,17193.0,10.944275935802859
692,17195.0,31.823334057702223
693,17197.0,318.11548155371054
694,17199.0,61.84074420974119
695,17201.0,215.2923728034788
696,17203.0,28.39687663824125
697,18001.0,40.08179350782453
698,18003.0,217.343035466382
699,18005.0,77.70463935884713
700,18007.0,8.233768324191079
701,18009.0,28.367984849826147
702,18011.0,58.722571165491516
703,18013.0,18.605425746581197
704,18015.0,20.73948854798926
705,18017.0,35.676653381075894
706,18019.0,119.81575794766358
707,18021.0,28.360992340368394
708,18023.0,30.788684010520196
709,18025.0,13.367700472941056
710,18027.0,29.609634869646577
711,18029.0,62.64777877415827
712,18031.0,27.51656312737637
713,18033.0,45.4427452328457
714,18035.0,113.84658185248618
715,18037.0,38.331116468300365
716,18039.0,169.72601920414513
717,18041.0,41.76501177124564
718,18043.0,200.42678439887345
719,18045.0,16.087524125236044
720,18047.0,22.941316860713897
721,18049.0,21.183333099406955
722,18051.0,26.612379440459403
723,18053.0,62.4207862143067
724,18055.0,22.986028228687527
725,18057.0,309.50040431908116
726,18059.0,93.17027519719203
727,18061.0,31.645815922652684
728,18063.0,152.716323851747
729,18065.0,47.768590538743865
730,18067.0,108.56580212311735
731,18069.0,36.70626237926342
732,18071.0,33.26551785000523
733,18073.0,23.07748837951456
734,18075.0,21.11313165000161
735,18077.0,34.513734678458455
736,18079.0,28.427324537504028
737,18081.0,182.6191345831222
738,18083.0,27.990038625909126
739,18085.0,57.25465488931795
740,18087.0,39.60594245436986
741,18089.0,376.8351486621817
742,18091.0,71.34668634919304
743,18093.0,39.21290010909144
744,18095.0,110.64362580845714
745,18097.0,919.8842006480083
746,18099.0,40.553713961171184
747,18101.0,11.740818251776982
748,18103.0,37.078350762766
749,18105.0,142.2998736284776
750,18107.0,29.284708844444722
751,18109.0,66.6649050490764
752,18111.0,13.471853394036401
753,18113.0,44.593813163320576
754,18115.0,26.38409815927868
755,18117.0,18.944664049383842
756,18119.0,20.92169280047944
757,18121.0,14.756021798922713
758,18123.0,19.359776411726177
759,18125.0,14.334290216599534
760,18127.0,155.1921166952216
761,18129.0,24.13447884403548
762,18131.0,11.27148482228106
763,18133.0,30.17790916755788
764,18135.0,21.402173356223233
765,18137.0,24.584064547089596
766,18139.0,15.802687313200558
767,18141.0,227.03076504403737
768,18143.0,48.147933455836835
769,18145.0,41.69597420462154
770,18147.0,19.97423724320587
771,18149.0,28.6519025444046
772,18151.0,43.10708625254299
773,18153.0,17.952446121891814
774,18155.0,18.59635835010365
775,18157.0,146.4938519751126
776,18159.0,22.551947461804765
777,18161.0,17.133728521156847
778,18163.0,299.5889300095105
779,18165.0,23.388812111739426
780,18167.0,103.03669499101812
781,18169.0,29.604321485564263
782,18171.0,8.731197784556228
783,18173.0,62.135239041422466
784,18175.0,20.915430173673638
785,18177.0,64.01937413303594
786,18179.0,29.314790668279446
787,18181.0,18.5106626289579
788,18183.0,38.71472136835316
789,19001.0,4.8317822438531275
790,19003.0,3.3975076635134815
791,19005.0,8.386120958937585
792,19007.0,9.712892329837702
793,19009.0,4.913426441558634
794,19011.0,13.816817482473832
795,19013.0,90.754180345967
796,19015.0,17.833197854328603
797,19017.0,21.972086978819483
798,19019.0,14.282469308687352
799,19021.0,13.606613072384803
800,19023.0,9.806636155811246
801,19025.0,6.626489394199043
802,19027.0,13.794084523475316
803,19029.0,9.02613748329192
804,19031.0,12.290122078338975
805,19033.0,29.203262797991922
806,19035.0,7.675106755846008
807,19037.0,9.262594494196241
808,19039.0,8.311870359365784
809,19041.0,11.103779071386606
810,19043.0,8.764586182461356
811,19045.0,26.234865559826478
812,19047.0,9.261827704297344
813,19049.0,55.128785928782776
814,19051.0,6.831137227020712
815,19053.0,5.839279272248737
816,19055.0,11.534637225309638
817,19057.0,36.74252075023421
818,19059.0,17.306208559907667
819,19061.0,61.44255068289544
820,19063.0,9.315063516195735
821,19065.0,10.528618360112487
822,19067.0,12.230155667006978
823,19069.0,6.796916750844828
824,19071.0,5.263174730757889
825,19073.0,6.102474409606037
826,19075.0,9.494553800920656
827,19077.0,6.977844133526496
828,19079.0,10.115248427723206
829,19081.0,7.3622533305269044
830,19083.0,11.61542289028744
831,19085.0,7.836261216062343
832,19087.0,17.71515424226335
833,19089.0,7.55811254182793
834,19091.0,8.502999551756991
835,19093.0,6.188261505183176
836,19095.0,10.670139728788039
837,19097.0,11.773654359586343
838,19099.0,19.500879000891953
839,19101.0,16.02571200446769
840,19103.0,92.590888455936
841,19105.0,13.796083338624694
842,19107.0,6.799743694994324
843,19109.0,5.983658256587819
844,19111.0,25.768240080185457
845,19113.0,119.59656257292627
846,19115.0,10.785289798805286
847,19117.0,7.708532684130161
848,19119.0,7.732552439404231
849,19121.0,10.936000462662332
850,19123.0,15.020346031965694
851,19125.0,23.1227087140469
852,19127.0,27.159192106327936
853,19129.0,13.201814393395667
854,19131.0,8.749441099718446
855,19133.0,4.893087803268107
856,19135.0,6.999781518328992
857,19137.0,9.245217485638697
858,19139.0,37.90897239823712
859,19141.0,9.373015523706762
860,19143.0,5.9219800884086835
861,19145.0,11.088435438273583
862,19147.0,6.200391522507261
863,19149.0,11.204559727688181
864,19151.0,4.613901338254792
865,19153.0,320.017403423495
866,19155.0,37.98104420486281
867,19157.0,12.28097258348154
868,19159.0,3.5935422206263294
869,19161.0,6.6259307648329475
870,19163.0,145.21451535462958
871,19165.0,7.642585060648291
872,19167.0,17.509810887822848
873,19169.0,65.34233436652475
874,19171.0,9.17634325343163
875,19173.0,4.501244933940834
876,19175.0,11.349429112596786
877,19177.0,5.752416083444772
878,19179.0,31.57485744358676
879,19181.0,33.44528713116091
880,19183.0,15.030382642731938
881,19185.0,4.7119286519337376
882,19187.0,19.829236476250195
883,19189.0,10.191254022556702
884,19191.0,11.418470326069597
885,19193.0,45.29299730908119
886,19195.0,7.22656774865337
887,19197.0,8.517437046596026
888,20001.0,9.747146923274178
889,20003.0,5.2302120462515616
890,20005.0,14.652515732674244
891,20007.0,1.611380318584379
892,20009.0,11.554292197336796
893,20011.0,8.93270576913352
894,20013.0,6.536133046786483
895,20015.0,17.950658488017396
896,20017.0,1.3210456192648143
897,20019.0,2.0348171488713334
898,20021.0,13.359915809255195
899,20023.0,1.0134385967005322
900,20025.0,0.8132946745891361
901,20027.0,4.871615365123446
902,20029.0,4.890089965511102
903,20031.0,5.109557630674033
904,20033.0,0.8718305654072872
905,20035.0,12.206891233193009
906,20037.0,25.602648844759784
907,20039.0,1.2449230194137695
908,20041.0,8.662222525342274
909,20043.0,7.590969278974452
910,20045.0,101.08332488346069
911,20047.0,1.8159814796362053
912,20049.0,1.5353851100067204
913,20051.0,12.389937838101268
914,20053.0,3.395507756619304
915,20055.0,10.959451382431416
916,20057.0,12.123009319535642
917,20059.0,17.2623192219016
918,20061.0,35.0255658525957
919,20063.0,0.9435791063443492
920,20065.0,1.093601149187542
921,20067.0,5.115714932728631
922,20069.0,2.6826864478079484
923,20071.0,0.5952209991682857
924,20073.0,2.078926510485822
925,20075.0,1.0135770003025015
926,20077.0,2.733593391561828
927,20079.0,24.718139813530044
928,20081.0,2.705629722498428
929,20083.0,0.8269846064806995
930,20085.0,7.835959798238403
931,20087.0,13.693304072687393
932,20089.0,1.2372637528875599
933,20091.0,477.31884819248233
934,20093.0,1.7439152966892912
935,20095.0,3.3406375127823713
936,20097.0,1.3496273267010097
937,20099.0,12.184423156091617
938,20101.0,0.8837078060589618
939,20103.0,66.68979643864888
940,20105.0,1.662170248366792
941,20107.0,6.261931225252897
942,20109.0,1.0111406392524895
943,20111.0,15.170487286015247
944,20113.0,12.305810977032774
945,20115.0,4.919609190400106
946,20117.0,4.202549527240264
947,20119.0,1.6820473428342453
948,20121.0,22.210242265926098
949,20123.0,3.4231333989589414
950,20125.0,19.7792301007933
951,20127.0,3.090626674182572
952,20129.0,1.5015917729939146
953,20131.0,5.437731050189294
954,20133.0,10.894451912903707
955,20135.0,1.061589339565118
956,20137.0,2.4123588247083667
957,20139.0,8.691733943316105
958,20141.0,1.5586573417301148
959,20143.0,3.161757750796807
960,20145.0,3.434292967236331
961,20147.0,2.357047715779763
962,20149.0,10.812243475735006
963,20151.0,5.033247832414644
964,20153.0,0.9058495199535314
965,20155.0,19.405024458189573
966,20157.0,2.522068827483275
967,20159.0,5.189969677035954
968,20161.0,47.68079694328401
969,20163.0,2.2189905218477617
970,20165.0,1.668641255968608
971,20167.0,3.0395535871034185
972,20169.0,29.47167686938913
973,20171.0,2.6628474041978096
974,20173.0,198.2078776392986
975,20175.0,13.69716362441045
976,20177.0,126.53352307693417
977,20179.0,1.0799311483303027
978,20181.0,2.1811987134067405
979,20183.0,1.5793954894679338
980,20185.0,2.054217141172075
981,20187.0,1.170759906432051
982,20189.0,3.0186945844376005
983,20191.0,7.583249161217261
984,20193.0,2.810925259420163
985,20195.0,1.2405981967780195
986,20197.0,3.348043621771172
987,20199.0,0.6655824971536608
988,20201.0,2.384118733100104
989,20203.0,1.1514830507683391
990,20205.0,5.942943942251241
991,20207.0,2.458613972613752
992,20209.0,418.4522061812672
993,21001.0,18.330155718926466
994,21003.0,23.315891079333795
995,21005.0,42.434256015360475
996,21007.0,12.652734972181673
997,21009.0,34.58878880081916
998,21011.0,16.989773553670016
999,21013.0,29.235465134137304
1000,21015.0,202.38341458017433
1001,21017.0,26.842942035431722
1002,21019.0,116.14665560534263
1003,21021.0,64.0392868490134
1004,21023.0,15.81994255635248
1005,21025.0,10.28421391151763
1006,21027.0,13.606268557539204
1007,21029.0,103.2955926807363
1008,21031.0,11.548861606012478
1009,21033.0,14.251927288451965
1010,21035.0,38.88396268332896
1011,21037.0,235.3952289772412
1012,21039.0,9.866558937946884
1013,21041.0,32.165564868190465
1014,21043.0,25.731029824662237
1015,21045.0,13.728819221205613
1016,21047.0,38.88576193293212
1017,21049.0,54.85553721942007
1018,21051.0,16.965420724227048
1019,21053.0,19.987269532356066
1020,21055.0,9.742567723518633
1021,21057.0,8.492596420616923
1022,21059.0,84.17676813363795
1023,21061.0,15.452504581765764
1024,21063.0,12.386252835934089
1025,21065.0,21.834909503201576
1026,21067.0,433.87838117840715
1027,21069.0,16.039176382321973
1028,21071.0,36.25164412461727
1029,21073.0,93.43390709986772
1030,21075.0,11.643181616258437
1031,21077.0,34.16949365274467
1032,21079.0,29.076137495355777
1033,21081.0,37.28883301312705
1034,21083.0,26.09718482605213
1035,21085.0,20.217685561237882
1036,21087.0,14.87858376463949
1037,21089.0,40.088403240497456
1038,21091.0,17.93766824253166
1039,21093.0,66.94972341229449
1040,21095.0,22.489919418280554
1041,21097.0,23.523093300377816
1042,21099.0,17.432359888719944
1043,21101.0,40.81079234676557
1044,21103.0,21.327032277335906
1045,21105.0,7.279820792230833
1046,21107.0,32.525513791824295
1047,21109.0,14.957753373048046
1048,21111.0,778.0698342590783
1049,21113.0,117.56304522940232
1050,21115.0,33.66765309416808
1051,21117.0,396.7181937406764
1052,21119.0,17.039243385363907
1053,21121.0,31.4505470237311
1054,21123.0,20.896975265130486
1055,21125.0,53.53987233195917
1056,21127.0,14.662930866885972
1057,21129.0,12.480079267340855
1058,21131.0,10.08662945824772
1059,21133.0,25.908453423573725
1060,21135.0,10.787265089640426
1061,21137.0,28.371572694762275
1062,21139.0,11.421713081006363
1063,21141.0,18.772583861847806
1064,21143.0,14.780212098210267
1065,21145.0,101.33420582202514
1066,21147.0,15.953259560268515
1067,21149.0,14.26674979840055
1068,21151.0,79.189239694072
1069,21153.0,15.854960553312537
1070,21155.0,21.646354238618468
1071,21157.0,39.94224601905979
1072,21159.0,20.04174147085387
1073,21161.0,27.58053737196741
1074,21163.0,35.80829015112397
1075,21165.0,12.14717282460971
1076,21167.0,33.35473342190455
1077,21169.0,13.335425927019019
1078,21171.0,12.463362195228967
1079,21173.0,54.30880936311968
1080,21175.0,13.458422336669521
1081,21177.0,25.67719612466779
1082,21179.0,41.97326653777658
1083,21181.0,14.046460944705611
1084,21183.0,15.82514915702732
1085,21185.0,134.80634557269124
1086,21187.0,11.811534937402532
1087,21189.0,8.729023440825275
1088,21191.0,20.227449703526883
1089,21193.0,30.594181108597933
1090,21195.0,29.683133164475635
1091,21197.0,26.579167153866905
1092,21199.0,37.61562898920211
1093,21201.0,8.280686348571384
1094,21203.0,20.524389629114108
1095,21205.0,33.80245019155361
1096,21207.0,27.029474825020333
1097,21209.0,73.33424745011078
1098,21211.0,47.567355557458775
1099,21213.0,29.77797971566159
1100,21215.0,37.72896853073591
1101,21217.0,36.96236602488543
1102,21219.0,12.73252536026513
1103,21221.0,12.542449083429974
1104,21223.0,21.990166935308498
1105,21225.0,16.669054092183014
1106,21227.0,90.1081890403736
1107,21229.0,15.626165213945766
1108,21231.0,17.366784041936267
1109,21233.0,15.294162426774314
1110,21235.0,31.825176107295906
1111,21237.0,12.552590038743848
1112,21239.0,53.001145110689144
1113,22001.0,36.87236211200727
1114,22003.0,13.005529653603514
1115,22005.0,161.3021959182254
1116,22007.0,25.898772405257304
1117,22009.0,18.97111610310433
1118,22011.0,12.266329467786093
1119,22013.0,6.504831559299958
1120,22015.0,57.95449904615958
1121,22017.0,109.11414475534758
1122,22019.0,72.62153265294101
1123,22021.0,7.289798969419475
1124,22023.0,2.063828365431765
1125,22025.0,5.3948588830394515
1126,22027.0,8.261874246032049
1127,22029.0,11.090908188653227
1128,22031.0,11.990085526214912
1129,22033.0,376.56437349878433
1130,22035.0,6.630700109569818
1131,22037.0,16.604683441613897
1132,22039.0,19.60644704442484
1133,22041.0,12.562530704390259
1134,22043.0,13.418758369217239
1135,22045.0,48.887789440264655
1136,22047.0,20.56865747150647
1137,22049.0,10.803177507953198
1138,22051.0,568.460879162843
1139,22053.0,18.652357458311755
1140,22055.0,344.93833087495096
1141,22057.0,35.49436870351668
1142,22059.0,9.2396098853138
1143,22061.0,38.75901342367227
1144,22063.0,82.27008668476134
1145,22065.0,7.093740467766923
1146,22067.0,12.624461522966108
1147,22069.0,12.013097574770839
1148,22071.0,887.9442127800446
1149,22073.0,98.72412133601173
1150,22075.0,11.564688551470589
1151,22077.0,15.353476685003894
1152,22079.0,38.4673873512845
1153,22081.0,8.55178364188231
1154,22083.0,14.224681886534366
1155,22085.0,10.731358369506278
1156,22087.0,46.73374091358757
1157,22089.0,73.29353388607628
1158,22091.0,9.842380268992091
1159,22093.0,34.13874235855915
1160,22095.0,78.26893585761262
1161,22097.0,34.87325246831106
1162,22099.0,28.151519918534806
1163,22101.0,35.952612050006685
1164,22103.0,115.02065949315501
1165,22105.0,63.67638823388319
1166,22107.0,2.9887179905580954
1167,22109.0,35.34650912796795
1168,22111.0,9.894953491917905
1169,22113.0,19.702133939486163
1170,22115.0,14.830674726342723
1171,22117.0,26.790665177967544
1172,22119.0,25.795770976437545
1173,22121.0,51.89708458133262
1174,22123.0,12.00242232500881
1175,22125.0,14.720608959187581
1176,22127.0,5.890165170813693
1177,23001.0,88.6533676559814
1178,23003.0,3.951100931562478
1179,23005.0,134.42001170679916
1180,23007.0,6.8298584087330605
1181,23009.0,13.268274885605727
1182,23011.0,54.09850380554277
1183,23013.0,42.11023047508719
1184,23015.0,28.853491698221482
1185,23017.0,10.656767820690709
1186,23019.0,17.246661177046278
1187,23021.0,1.646063947752226
1188,23023.0,53.63021743878108
1189,23025.0,4.989161242988031
1190,23027.0,20.849296588433162
1191,23029.0,4.775067856092428
1192,23031.0,79.12611640041091
1193,24001.0,65.82512308496432
1194,24003.0,528.4397217654504
1195,24005.0,534.041378368073
1196,24009.0,164.95517418029075
1197,24011.0,39.73528729917485
1198,24013.0,144.49710466650046
1199,24015.0,114.30690382891555
1200,24017.0,132.977226509494
1201,24019.0,23.034511066894822
1202,24021.0,145.25379141511007
1203,24023.0,17.474247455704422
1204,24025.0,221.72714431716219
1205,24027.0,485.16032490329667
1206,24029.0,27.306691397900234
1207,24031.0,814.4747962169586
1208,24033.0,724.9258165018161
1209,24035.0,51.26963695785685
1210,24037.0,120.05516382516934
1211,24039.0,31.077879653391886
1212,24041.0,53.49765438857903
1213,24043.0,126.35755754608938
1214,24045.0,105.36006274498416
1215,24047.0,42.51432217718268
1216,24510.0,2932.040761424322
1217,25001.0,209.2848818150575
1218,25003.0,53.04016385844851
1219,25005.0,390.15050279461525
1220,25007.0,64.76978719617618
1221,25009.0,612.3264362012548
1222,25011.0,39.16942190340279
1223,25013.0,293.56506033553103
1224,25015.0,118.0196760452421
1225,25017.0,753.0895333200057
1226,25019.0,92.90351158117467
1227,25021.0,680.6297135277437
1228,25023.0,300.08270759544286
1229,25025.0,5248.519832968461
1230,25027.0,210.16397012475971
1231,26001.0,5.931269852792601
1232,26003.0,3.8794469252186814
1233,26005.0,53.921029644204935
1234,26007.0,19.317763410471432
1235,26009.0,18.812514689642153
1236,26011.0,16.12227531633531
1237,26013.0,3.655915255648869
1238,26015.0,41.924359090810604
1239,26017.0,91.48441331230657
1240,26019.0,21.19769800439156
1241,26021.0,105.27253077783443
1242,26023.0,33.229536269714046
1243,26025.0,73.5147252427968
1244,26027.0,40.53988577716231
1245,26029.0,24.315378465833238
1246,26031.0,13.742127307703258
1247,26033.0,9.372935437800669
1248,26035.0,20.945471151769606
1249,26037.0,53.09820862692981
1250,26039.0,9.601162038717353
1251,26041.0,11.931538206606223
1252,26043.0,12.974129490405582
1253,26045.0,73.269869420923
1254,26047.0,27.28536453876324
1255,26049.0,248.13852447920723
1256,26051.0,19.45875814701035
1257,26053.0,5.3998608805402215
1258,26055.0,76.28762679043942
1259,26057.0,27.8969021685374
1260,26059.0,29.5828744919013
1261,26061.0,13.91206727128858
1262,26063.0,14.56719108366761
1263,26065.0,201.0352465411878
1264,26067.0,43.37072154988728
1265,26069.0,17.75237723488442
1266,26071.0,3.712682017021555
1267,26073.0,47.715114499025894
1268,26075.0,87.41753193646902
1269,26077.0,179.67647629787172
1270,26079.0,12.045698536959447
1271,26081.0,292.8105752875834
1272,26083.0,1.5226431436229564
1273,26085.0,8.00192219191265
1274,26087.0,52.83187467695194
1275,26089.0,24.06356429374201
1276,26091.0,50.71949309869137
1277,26093.0,128.74626136979467
1278,26095.0,2.7329801564000973
1279,26097.0,4.087103861775028
1280,26099.0,699.8635882962726
1281,26101.0,17.402615348245863
1282,26103.0,14.286747890563083
1283,26105.0,22.530917687904655
1284,26107.0,30.09153820325818
1285,26109.0,8.592286346269988
1286,26111.0,62.364937746193434
1287,26113.0,10.258453105501735
1288,26115.0,105.21432410983851
1289,26117.0,34.601082494666045
1290,26119.0,6.540803771046773
1291,26121.0,132.59346105948399
1292,26123.0,22.15734822638514
1293,26125.0,556.779856652962
1294,26127.0,18.95519221598161
1295,26129.0,14.33948507406541
1296,26131.0,1.7576637694403823
1297,26133.0,15.839917009634814
1298,26135.0,5.649489753572581
1299,26137.0,18.289787198209748
1300,26139.0,194.61016195870505
1301,26141.0,7.500864573260531
1302,26143.0,17.7322941186596
1303,26145.0,92.98590074907567
1304,26147.0,85.41210959621394
1305,26149.0,46.96898707129982
1306,26151.0,16.596568486905305
1307,26153.0,2.658521495384122
1308,26155.0,49.80663028279466
1309,26157.0,25.55592586612053
1310,26159.0,47.81657698283497
1311,26161.0,200.14703427314663
1312,26163.0,1111.2439737197262
1313,26165.0,22.629961998743447
1314,27001.0,3.3557746812559412
1315,27003.0,317.8925949208791
1316,27005.0,9.915577813960025
1317,27007.0,7.1089712319992335
1318,27009.0,37.616667734689784
1319,27011.0,3.8797713797377567
1320,27013.0,34.24424158773905
1321,27015.0,15.929039090968262
1322,27017.0,15.931740141089321
1323,27019.0,109.46062791602596
1324,27021.0,5.543212648140102
1325,27023.0,7.979724605445341
1326,27025.0,50.92789964057477
1327,27027.0,23.19904547702668
1328,27029.0,3.406654799636991
1329,27031.0,1.4118807468514298
1330,27033.0,6.860833751962139
1331,27035.0,24.69495300669557
1332,27037.0,287.0862611442517
1333,27039.0,18.090490330760364
1334,27041.0,22.55843074234782
1335,27043.0,7.530445671511371
1336,27045.0,9.363680280563475
1337,27047.0,16.6642661174271
1338,27049.0,23.57660275572558
1339,27051.0,4.1852682888106365
1340,27053.0,861.285007801729
1341,27055.0,13.05300210917924
1342,27057.0,8.698506431046345
1343,27059.0,34.53384187757473
1344,27061.0,6.543269941783449
1345,27063.0,5.518239361259625
1346,27065.0,11.846039111094129
1347,27067.0,20.655284769340987
1348,27069.0,1.5239383976930299
1349,27071.0,1.5726623335403882
1350,27073.0,3.4182995571497283
1351,27075.0,1.9346607169685088
1352,27077.0,1.1331377669831215
1353,27079.0,24.080723210509312
1354,27081.0,4.104994208674602
1355,27083.0,13.964648288837507
1356,27085.0,28.143469154087313
1357,27087.0,3.8107285383971523
1358,27089.0,2.042900712232928
1359,27091.0,10.821018172885347
1360,27093.0,14.654365168119629
1361,27095.0,17.35546372441152
1362,27097.0,11.307212767008286
1363,27099.0,21.495579692024542
1364,27101.0,4.57682632561572
1365,27103.0,29.073689106296097
1366,27105.0,11.791575542518409
1367,27107.0,2.901554030622603
1368,27109.0,90.43287248698581
1369,27111.0,11.355253159464622
1370,27113.0,8.882049315712743
1371,27115.0,7.969148815789506
1372,27117.0,7.62564603875476
1373,27119.0,6.188180670589063
1374,27121.0,6.3316884179635595
1375,27123.0,1373.4866894800302
1376,27125.0,3.578797266655728
1377,27127.0,6.737440087239315
1378,27129.0,5.782590878400443
1379,27131.0,51.210265883451285
1380,27133.0,7.533047082612642
1381,27135.0,3.5713362432763667
1382,27137.0,12.364611450441542
1383,27139.0,155.38585216974857
1384,27141.0,83.15061917302177
1385,27143.0,9.77788650197724
1386,27145.0,45.09063610771483
1387,27147.0,32.95902354300633
1388,27149.0,6.702543101866634
1389,27151.0,4.8967899227645315
1390,27153.0,9.985919718362677
1391,27155.0,2.245140892262521
1392,27157.0,15.873592045147952
1393,27159.0,9.824684806547785
1394,27161.0,17.153590876982573
1395,27163.0,254.43333311875855
1396,27165.0,9.740561887308404
1397,27167.0,3.2610485715005524
1398,27169.0,31.35532940534414
1399,27171.0,77.52473686921974
1400,27173.0,5.019167855152683
1401,28001.0,26.34483607149352
1402,28003.0,35.88420613736071
1403,28005.0,6.5935081749535485
1404,28007.0,9.761341765828375
1405,28009.0,7.8366288888359295
1406,28011.0,14.354284710824672
1407,28013.0,9.59111735125637
1408,28015.0,6.224560228797455
1409,28017.0,13.295534669712135
1410,28019.0,7.682417420574774
1411,28021.0,7.224334492029186
1412,28023.0,8.892475729195363
1413,28025.0,18.650441545813976
1414,28027.0,16.633830203238002
1415,28029.0,14.266634256373278
1416,28031.0,17.812342041830682
1417,28033.0,142.7718716456783
1418,28035.0,62.563642933501605
1419,28037.0,5.3106174352836515
1420,28039.0,19.12378631043429
1421,28041.0,7.429122189970962
1422,28043.0,19.462337442788474
1423,28045.0,38.00463859758037
1424,28047.0,136.38184794286295
1425,28049.0,107.32645883720231
1426,28051.0,9.222988944558526
1427,28053.0,7.877689387480746
1428,28055.0,1.2413733630214878
1429,28057.0,17.015318576081356
1430,28059.0,75.86074194232924
1431,28061.0,9.437315628451897
1432,28063.0,5.455137270037773
1433,28065.0,10.866161006169719
1434,28067.0,38.03942488037151
1435,28069.0,5.093219192290633
1436,28071.0,32.675041041086814
1437,28073.0,47.593198547515875
1438,28075.0,42.42785063695577
1439,28077.0,11.322788363453316
1440,28079.0,15.148733307267488
1441,28081.0,72.8654138162044
1442,28083.0,19.370281343425198
1443,28085.0,22.681368395201595
1444,28087.0,45.40320829518273
1445,28089.0,55.9272791818918
1446,28091.0,17.940308579885166
1447,28093.0,19.566309991648964
1448,28095.0,18.086667008685
1449,28097.0,9.674836009774541
1450,28099.0,19.89379786485453
1451,28101.0,14.381579240508145
1452,28103.0,6.0140456358468555
1453,28105.0,41.691676392337186
1454,28107.0,19.29623110277608
1455,28109.0,26.24515784832742
1456,28111.0,7.175499358379828
1457,28113.0,37.51072001193184
1458,28115.0,24.290225230029442
1459,28117.0,23.594923602056415
1460,28119.0,7.027809240406302
1461,28121.0,75.29564323516699
1462,28123.0,18.00808841197091
1463,28125.0,4.034343569958894
1464,28127.0,17.741957601518404
1465,28129.0,9.747403215293364
1466,28131.0,15.925635327740384
1467,28133.0,14.68138042891311
1468,28135.0,8.593692130042937
1469,28137.0,27.179353723102047
1470,28139.0,18.545152519142018
1471,28141.0,17.724371186460335
1472,28143.0,8.636126794040916
1473,28145.0,26.342929148774584
1474,28147.0,13.956632427303186
1475,28149.0,30.883998255286016
1476,28151.0,25.084980980245216
1477,28153.0,9.725940258000962
1478,28155.0,9.014770635644227
1479,28157.0,5.118752941599703
1480,28159.0,11.672375976856523
1481,28161.0,10.266013273147667
1482,28163.0,11.71024943772342
1483,29001.0,17.235370885336106
1484,29003.0,15.531313601199965
1485,29005.0,3.717911062363724
1486,29007.0,14.353929846299291
1487,29009.0,17.608549027400752
1488,29011.0,7.728171676383848
1489,29013.0,7.555966481669929
1490,29015.0,10.413716186868097
1491,29017.0,7.673882055149695
1492,29019.0,99.41363667073516
1493,29021.0,84.24475137446973
1494,29023.0,23.751286492354076
1495,29025.0,8.193956256306002
1496,29027.0,20.744707941497886
1497,29029.0,26.541009043292657
1498,29031.0,52.27181692639822
1499,29033.0,4.9153395079999065
1500,29035.0,4.715945821144474
1501,29037.0,56.90980617127925
1502,29039.0,11.341802434116316
1503,29041.0,3.8786106944785677
1504,29043.0,57.83181594554338
1505,29045.0,5.2030540467338575
1506,29047.0,232.2097386277265
1507,29049.0,18.869318372207907
1508,29051.0,75.67995645031718
1509,29053.0,12.047551460003055
1510,29055.0,12.626066148301684
1511,29057.0,5.980517181715018
1512,29059.0,11.776104288762753
1513,29061.0,5.69056399595829
1514,29063.0,11.512755374693056
1515,29065.0,7.952232527193662
1516,29067.0,6.346587851618739
1517,29069.0,21.711876746719074
1518,29071.0,43.00662407371336
1519,29073.0,10.969960598172
1520,29075.0,5.236582121583451
1521,29077.0,164.9031583077838
1522,29079.0,8.904548618438525
1523,29081.0,4.571129579643134
1524,29083.0,12.057665049334261
1525,29085.0,9.069544683878831
1526,29087.0,3.7183853951167714
1527,29089.0,8.419006275044264
1528,29091.0,16.698296701699988
1529,29093.0,7.171734271686479
1530,29095.0,441.97962249010715
1531,29097.0,72.10268317517256
1532,29099.0,131.32744102671163
1533,29101.0,24.99754761994177
1534,29103.0,3.026712690656068
1535,29105.0,17.927704780216402
1536,29107.0,20.0223172068974
1537,29109.0,24.06788677781381
1538,29111.0,7.665593700155627
1539,29113.0,34.23923919894104
1540,29115.0,7.643167885407084
1541,29117.0,10.93537740247244
1542,29119.0,16.33712375645857
1543,29121.0,7.350907174519521
1544,29123.0,9.531744994846536
1545,29125.0,6.509058175410075
1546,29127.0,25.33705272289053
1547,29129.0,3.1171631506722464
1548,29131.0,16.320355858371755
1549,29133.0,12.896865868722529
1550,29135.0,14.84578973128781
1551,29137.0,5.159116543630759
1552,29139.0,8.331136412541076
1553,29141.0,13.009619046923707
1554,29143.0,10.190124914545782
1555,29145.0,35.969252334599894
1556,29147.0,9.926797762765972
1557,29149.0,5.230343639707469
1558,29151.0,8.668811026298863
1559,29153.0,4.786813376069999
1560,29155.0,13.348545905061533
1561,29157.0,15.583919183816969
1562,29159.0,23.979690038439408
1563,29161.0,25.74230575878203
1564,29163.0,10.647717212272143
1565,29165.0,90.89432517168719
1566,29167.0,19.16699993496136
1567,29169.0,37.11399762003094
1568,29171.0,3.593702353006507
1569,29173.0,8.39711423902516
1570,29175.0,19.952522004060395
1571,29177.0,15.493386923550212
1572,29179.0,3.0158365214804586
1573,29181.0,8.398043917037391
1574,29183.0,268.65225106685756
1575,29185.0,5.367255520055273
1576,29186.0,13.82347859663609
1577,29187.0,56.685757647510194
1578,29189.0,759.9012476871395
1579,29195.0,11.806510128491862
1580,29197.0,5.656372927325669
1581,29199.0,4.3324108511999935
1582,29201.0,35.60394029723821
1583,29203.0,3.171679413411347
1584,29205.0,4.672262407404813
1585,29207.0,13.84160574494627
1586,29209.0,26.232520196432027
1587,29211.0,3.764006172641212
1588,29213.0,33.41085261718968
1589,29215.0,8.419195202272862
1590,29217.0,9.667138206161237
1591,29219.0,30.545397843510408
1592,29221.0,12.667908056617017
1593,29223.0,6.768118295014637
1594,29225.0,24.81348098529536
1595,29227.0,2.954102851214924
1596,29229.0,10.359726838224864
1597,29510.0,1946.488521525178
1598,30001.0,0.6543140376244614
1599,30003.0,1.0333530468088263
1600,30005.0,0.6144391028260252
1601,30007.0,1.8891288997545066
1602,30009.0,1.9884866318558656
1603,30011.0,0.15233830811658652
1604,30013.0,11.697655801654449
1605,30015.0,0.5626492843515776
1606,30017.0,1.208830903577434
1607,30019.0,0.47463487196918325
1608,30021.0,1.4961164335074768
1609,30023.0,4.7693937283275405
1610,30025.0,0.6761642574114185
1611,30027.0,1.0030420443839123
1612,30029.0,7.4441667242465925
1613,30031.0,15.52240319125302
1614,30033.0,0.09420228090950751
1615,30035.0,1.766046266142928
1616,30037.0,0.238021613661119
1617,30039.0,0.7307756750578692
1618,30041.0,2.1892932741476123
1619,30043.0,2.7446521358462763
1620,30045.0,0.40289384095522446
1621,30047.0,7.712890068570828
1622,30049.0,7.488642017780718
1623,30051.0,0.6156107238033743
1624,30053.0,2.0689659454949445
1625,30055.0,0.2381880636994791
1626,30057.0,0.8842944273274344
1627,30059.0,0.31768016364326385
1628,30061.0,1.3331012857015099
1629,30063.0,17.270008678891482
1630,30065.0,0.9930632767929668
1631,30067.0,2.2382451014785985
1632,30069.0,0.10074514408434664
1633,30071.0,0.3097543190836275
1634,30073.0,1.4364454703751575
1635,30075.0,0.18952765712545133
1636,30077.0,1.1388646129925177
1637,30079.0,0.29836940453426336
1638,30081.0,6.766403778089356
1639,30083.0,2.1043150380075946
1640,30085.0,1.8413675608983417
1641,30087.0,0.7131287292792247
1642,30089.0,1.6114627348861408
1643,30091.0,0.8234431321690815
1644,30093.0,18.721549784152508
1645,30095.0,2.022111715103942
1646,30097.0,0.7601334288405508
1647,30099.0,1.0334116110164597
1648,30101.0,1.0032523404533318
1649,30103.0,0.30681241221830846
1650,30105.0,0.5903496963051368
1651,30107.0,0.5833003361726494
1652,30109.0,0.5105391110087175
1653,30111.0,23.137978252265064
1654,31001.0,21.64896079895179
1655,31003.0,2.8699707526244045
1656,31005.0,0.22560939416877837
1657,31007.0,0.3601223132463621
1658,31009.0,0.260774045385267
1659,31011.0,2.9879099479371454
1660,31013.0,3.9816951667063774
1661,31015.0,1.460214964137217
1662,31017.0,0.9445843046363389
1663,31019.0,19.55194317208536
1664,31021.0,5.127233037913575
1665,31023.0,5.325150982833451
1666,31025.0,17.804877028758863
1667,31027.0,4.445499237907226
1668,31029.0,1.6118912527836253
1669,31031.0,0.3750760779635369
1670,31033.0,3.179738736786057
1671,31035.0,4.204495805835974
1672,31037.0,10.092290517001228
1673,31039.0,6.084652305960529
1674,31041.0,1.6235038354180784
1675,31043.0,29.68487481054597
1676,31045.0,2.4595814214663556
1677,31047.0,9.072036210836643
1678,31049.0,1.6625571309141691
1679,31051.0,4.659724921613692
1680,31053.0,26.77064843948867
1681,31055.0,656.4846394941179
1682,31057.0,0.8493019483799893
1683,31059.0,3.7404305372710938
1684,31061.0,2.0156155084273446
1685,31063.0,1.0335607208515172
1686,31065.0,2.56960606739551
1687,31067.0,9.79242862750191
1688,31069.0,0.4210922937544976
1689,31071.0,1.3393840951355938
1690,31073.0,1.6981058721177773
1691,31075.0,0.35684440323334465
1692,31077.0,1.6330079515073668
1693,31079.0,43.34746351020231
1694,31081.0,6.539323541322142
1695,31083.0,2.3983738087992164
1696,31085.0,0.5106070038991326
1697,31087.0,1.546165194531133
1698,31089.0,1.6397039941113778
1699,31091.0,0.3699547216699271
1700,31093.0,4.343614271590637
1701,31095.0,4.8674908501532705
1702,31097.0,5.335601150333843
1703,31099.0,4.900290673620275
1704,31101.0,2.9455923185266135
1705,31103.0,0.3955535059269193
1706,31105.0,1.4874643986480167
1707,31107.0,2.9468558549843986
1708,31109.0,142.94739447743692
1709,31111.0,5.335433146681613
1710,31113.0,0.5994571312160178
1711,31115.0,0.40081844495446317
1712,31117.0,0.20406937895008534
1713,31119.0,23.710043163720925
1714,31121.0,6.200975824590992
1715,31123.0,1.3127347635525886
1716,31125.0,3.1071153203988997
1717,31127.0,6.638229442041272
1718,31129.0,2.8698109035007406
1719,31131.0,9.96888388117061
1720,31133.0,2.396822475479418
1721,31135.0,1.2706374641074694
1722,31137.0,6.523378493142399
1723,31139.0,4.820478828419941
1724,31141.0,18.937396370979247
1725,31143.0,4.628692330442925
1726,31145.0,5.8189487503988495
1727,31147.0,5.6035939449129675
1728,31149.0,0.5169509772462718
1729,31151.0,9.609820963688437
1730,31153.0,289.1498948022324
1731,31155.0,10.81906276063844
1732,31157.0,18.931330878262855
1733,31159.0,11.572331154185067
1734,31161.0,0.8278950937455106
1735,31163.0,2.0757573209352365
1736,31165.0,0.23651505080255578
1737,31167.0,5.410380322639633
1738,31169.0,3.4303326551365605
1739,31171.0,0.34932772191333966
1740,31173.0,7.00427630982834
1741,31175.0,2.8707299048874377
1742,31177.0,20.019107608995572
1743,31179.0,8.165474762622296
1744,31181.0,2.3982249299433067
1745,31183.0,0.5517823336299992
1746,31185.0,9.306082763491608
1747,32001.0,1.8801690718036494
1748,32003.0,104.77736238478852
1749,32005.0,26.019351663767832
1750,32007.0,1.175046520809578
1751,32009.0,0.10574482140906567
1752,32011.0,0.1692100844821985
1753,32013.0,0.676985020197229
1754,32015.0,0.40409748685421015
1755,32017.0,0.18786985126353825
1756,32019.0,10.255300622340917
1757,32021.0,0.45762186947193517
1758,32023.0,0.9280978679046686
1759,32027.0,0.4228417177096988
1760,32029.0,5.764385809877126
1761,32031.0,27.602297772672596
1762,32033.0,0.42362218252540945
1763,32510.0,145.37215134625896
1764,33001.0,58.26447250631656
1765,33003.0,19.821742900363397
1766,33005.0,41.6654089727979
1767,33007.0,6.89299389344942
1768,33009.0,20.295126146889643
1769,33011.0,181.07708049952615
1770,33013.0,61.85570414393696
1771,33015.0,169.417981016389
1772,33017.0,134.70838771271764
1773,33019.0,30.97544781641258
1774,34001.0,186.64451257880307
1775,34003.0,1542.5146307877378
1776,34005.0,215.61071784495323
1777,34007.0,885.0013031942334
1778,34009.0,143.85113184175222
1779,34011.0,122.53390207734209
1780,34013.0,2430.0623847331494
1781,34015.0,348.78332800246733
1782,34017.0,5589.056949966835
1783,34019.0,112.85525907316742
1784,34021.0,634.3949588782313
1785,34023.0,1032.2483660456508
1786,34025.0,514.1065673019962
1787,34027.0,414.453485239917
1788,34029.0,363.7218003688825
1789,34031.0,1046.2333380915088
1790,34033.0,73.69160463472582
1791,34035.0,422.31908150286296
1792,34037.0,105.91748959081986
1793,34039.0,2077.943059319604
1794,34041.0,115.10762391191739
1795,35001.0,225.32355958208475
1796,35003.0,0.1973395453343425
1797,35005.0,4.165683658065227
1798,35006.0,2.2943392541490275
1799,35007.0,1.2691729364479263
1800,35009.0,13.790562474681847
1801,35011.0,0.342373575520751
1802,35013.0,21.8326251158127
1803,35015.0,5.309932336321836
1804,35017.0,2.7351427146915026
1805,35019.0,0.5584248400991282
1806,35021.0,0.08337930509146158
1807,35023.0,0.49081257948585366
1808,35025.0,6.165546328829844
1809,35027.0,1.5569992563472812
1810,35028.0,64.90186052695537
1811,35029.0,3.1593977180442163
1812,35031.0,5.1603033962502485
1813,35033.0,0.9146189668580487
1814,35035.0,3.8387975329097332
1815,35037.0,1.1248990844406181
1816,35039.0,2.589464260407004
1817,35041.0,3.0175638902857966
1818,35043.0,14.649487216022926
1819,35045.0,8.9194931305282
1820,35047.0,2.2924822229519584
1821,35049.0,30.101708943897698
1822,35051.0,1.0282338731565015
1823,35053.0,0.9875647207968294
1824,35055.0,5.765657729665949
1825,35057.0,1.7999614503081434
1826,35059.0,0.4214248859320353
1827,35061.0,27.491859606657897
1828,36001.0,227.02996827926998
1829,36003.0,17.638588375906647
1830,36005.0,13202.515304895436
1831,36007.0,106.34362129215616
1832,36009.0,22.9255780072106
1833,36011.0,43.47276280170279
1834,36013.0,47.21686758923086
1835,36015.0,81.26735420914608
1836,36017.0,20.89013457082225
1837,36019.0,30.059847469412222
1838,36021.0,37.06052091474656
1839,36023.0,37.25221569479855
1840,36025.0,12.179820760128079
1841,36027.0,142.6173355043328
1842,36029.0,340.6099710038186
1843,36031.0,8.124182895230241
1844,36033.0,12.013337023240592
1845,36035.0,41.88088199845441
1846,36037.0,45.51733961207144
1847,36039.0,28.408716452386308
1848,36041.0,1.02855627642957
1849,36043.0,17.097454126303763
1850,36045.0,34.82996276519094
1851,36047.0,14475.025438811675
1852,36049.0,8.093460876244354
1853,36051.0,39.05683212280632
1854,36053.0,42.072610824275216
1855,36055.0,437.4604077061899
1856,36057.0,47.3398750969587
1857,36059.0,1840.4439840676869
1858,36061.0,27819.804801247596
1859,36063.0,156.48312308665808
1860,36065.0,73.49927817139883
1861,36067.0,230.27736224804812
1862,36069.0,65.62805041287946
1863,36071.0,179.77407833920245
1864,36073.0,40.631880038727495
1865,36075.0,48.32299622986015
1866,36077.0,23.220227225194385
1867,36079.0,166.07824058063085
1868,36081.0,8158.43715313306
1869,36083.0,94.34614319767796
1870,36085.0,3182.469323151422
1871,36087.0,720.5880090407275
1872,36089.0,15.788105611587945
1873,36091.0,108.38422227914522
1874,36093.0,292.3099655984936
1875,36095.0,19.47465415363799
1876,36097.0,21.156968094713566
1877,36099.0,41.283218351344274
1878,36101.0,26.91291732140387
1879,36103.0,630.0681533537156
1880,36105.0,29.99485049383007
1881,36107.0,36.51369921741512
1882,36109.0,83.75559011845459
1883,36111.0,61.57895417096776
1884,36113.0,28.706842083303755
1885,36115.0,28.72095933719763
1886,36117.0,58.09538512834718
1887,36119.0,868.7630665584851
1888,36121.0,26.422981737535192
1889,36123.0,28.556072955601895
1890,37001.0,146.4195116568076
1891,37003.0,55.12519436721173
1892,37005.0,18.074422691400795
1893,37007.0,18.384600030883018
1894,37009.0,24.33096230258475
1895,37011.0,27.31960935777841
1896,37013.0,21.924534984850023
1897,37015.0,10.847892889138176
1898,37017.0,14.907181700635395
1899,37019.0,57.679761343935745
1900,37021.0,149.66250609087183
1901,37023.0,68.42254022436073
1902,37025.0,215.31375633270284
1903,37027.0,66.9117179161751
1904,37029.0,16.78371294229843
1905,37031.0,52.42275604447897
1906,37033.0,20.64641072719606
1907,37035.0,150.76607378154333
1908,37037.0,39.527301860128006
1909,37039.0,23.450753570912475
1910,37041.0,31.765736963565733
1911,37043.0,19.419742197920566
1912,37045.0,80.811658964755
1913,37047.0,23.168605643361655
1914,37049.0,56.32658599788698
1915,37051.0,196.49785973055077
1916,37053.0,38.02387756235955
1917,37055.0,36.009291910587784
1918,37057.0,114.931699340305
1919,37059.0,61.483133059810825
1920,37061.0,27.989341646190233
1921,37063.0,413.0661930861197
1922,37065.0,40.74050476810117
1923,37067.0,351.8184090001067
1924,37069.0,50.95320150991713
1925,37071.0,235.08340953332913
1926,37073.0,13.107276868567519
1927,37075.0,11.315996564502058
1928,37077.0,42.728884466727635
1929,37079.0,30.408868970127585
1930,37081.0,312.98833028920797
1931,37083.0,27.600904160530163
1932,37085.0,84.58897537097904
1933,37087.0,42.15136875481696
1934,37089.0,117.63824081994963
1935,37091.0,26.405686951243595
1936,37093.0,52.69099176617916
1937,37095.0,3.400516880205202
1938,37097.0,116.01054868167549
1939,37099.0,33.21533825995918
1940,37101.0,93.28731528672883
1941,37103.0,7.941273324586645
1942,37105.0,91.01472262024649
1943,37107.0,55.36507148334849
1944,37109.0,106.28856813899854
1945,37111.0,39.58744155206143
1946,37113.0,25.76839886406907
1947,37115.0,18.38131549250151
1948,37117.0,19.502000059786734
1949,37119.0,777.4906790204654
1950,37121.0,26.24596882249042
1951,37123.0,21.474539034621046
1952,37125.0,52.922080772141356
1953,37127.0,67.1574810739487
1954,37129.0,450.44176181207894
1955,37131.0,14.523368936291385
1956,37133.0,98.26201274325318
1957,37135.0,138.8280018638022
1958,37137.0,14.620171887164753
1959,37139.0,67.1849808371005
1960,37141.0,26.153867836134104
1961,37143.0,21.026412800475175
1962,37145.0,38.68063513545814
1963,37147.0,104.97744452432374
1964,37149.0,33.23227783928245
1965,37151.0,70.55487527747526
1966,37153.0,36.83225335146934
1967,37155.0,54.38985029651228
1968,37157.0,62.30119042175369
1969,37159.0,105.38426973856487
1970,37161.0,45.43057632066794
1971,37163.0,25.950071278980182
1972,37165.0,42.660629832261954
1973,37167.0,59.718354641307855
1974,37169.0,39.473231161861115
1975,37171.0,52.155481204952856
1976,37173.0,10.42865886529528
1977,37175.0,34.19200207842644
1978,37177.0,4.069740194336704
1979,37179.0,138.34154055310987
1980,37181.0,68.04566958189427
1981,37183.0,484.0293228591425
1982,37185.0,18.024803650409904
1983,37187.0,13.544950672094245
1984,37189.0,66.88043416735745
1985,37191.0,86.43433211319162
1986,37193.0,35.03134633884091
1987,37195.0,85.4358274190614
1988,37197.0,43.41806242855472
1989,37199.0,21.821617088247844
1990,38001.0,0.9191132977881141
1991,38003.0,2.8049957801121623
1992,38005.0,1.914602497133347
1993,38007.0,0.3179316991356985
1994,38009.0,1.5248091629940248
1995,38011.0,1.0617064732712223
1996,38013.0,0.7742458818695965
1997,38015.0,22.169415096077138
1998,38017.0,38.10818850532885
1999,38019.0,0.9915999408957685
2000,38021.0,1.6959592775840266
2001,38023.0,0.7255051760528255
2002,38025.0,0.8433418085494151
2003,38027.0,1.417163095845879
2004,38029.0,0.8572567957924472
2005,38031.0,1.9990151672535523
2006,38033.0,0.7255499891170201
2007,38035.0,18.92762217355989
2008,38037.0,0.5538515724979445
2009,38039.0,1.2343211950297772
2010,38041.0,0.8784494522819071
2011,38043.0,0.7029540203650375
2012,38045.0,1.3814135905878093
2013,38047.0,0.7494187564321796
2014,38049.0,1.2211672275520502
2015,38051.0,1.051277939662587
2016,38053.0,1.7533808158863475
2017,38055.0,1.757861142726342
2018,38057.0,3.173475024245914
2019,38059.0,6.122544916190902
2020,38061.0,2.1474489758529423
2021,38063.0,1.1483459804569527
2022,38065.0,0.9816725266246342
2023,38067.0,2.4214744833726725
2024,38069.0,1.5960345191710585
2025,38071.0,3.759383435041359
2026,38073.0,2.4002749299350747
2027,38075.0,1.098365690798451
2028,38077.0,4.380133040678703
2029,38079.0,6.243389728822854
2030,38081.0,1.7463308225588983
2031,38083.0,0.5578807903364457
2032,38085.0,1.5573328312903527
2033,38087.0,0.22373751697243327
2034,38089.0,8.931224582695474
2035,38091.0,1.0354472226554776
2036,38093.0,3.660565624034703
2037,38095.0,0.8463995169037961
2038,38097.0,3.592037205786536
2039,38099.0,3.254098253047897
2040,38101.0,13.240992769067457
2041,38103.0,1.2321821167234814
2042,38105.0,6.328861655731676
2043,39001.0,18.435283265761907
2044,39003.0,99.4187048510773
2045,39005.0,48.81671864266814
2046,39007.0,53.96951051303803
2047,39009.0,50.54941896373013
2048,39011.0,44.039767783337155
2049,39013.0,49.68223263020042
2050,39015.0,34.41625690310638
2051,39017.0,313.01692854751514
2052,39019.0,26.983527154501427
2053,39021.0,34.97825851118821
2054,39023.0,131.53262441875182
2055,39025.0,173.54676121132394
2056,39027.0,39.58094918995272
2057,39029.0,75.49120654904026
2058,39031.0,25.04020234816767
2059,39033.0,40.38074810486161
2060,39035.0,1058.84554179091
2061,39037.0,33.39676243596819
2062,39039.0,35.92080315248603
2063,39041.0,171.64274454723753
2064,39043.0,115.37829181394767
2065,39045.0,117.04550157996539
2066,39047.0,27.21693041028245
2067,39049.0,924.8617766095847
2068,39051.0,40.28660522323717
2069,39053.0,24.989471462697672
2070,39055.0,90.62809664403294
2071,39057.0,154.77811651400444
2072,39059.0,29.035261074145904
2073,39061.0,772.3432857167824
2074,39063.0,55.003476279289764
2075,39065.0,25.88926772127455
2076,39067.0,14.689559052583995
2077,39069.0,25.352182545552267
2078,39071.0,30.022757902506186
2079,39073.0,26.112686449758886
2080,39075.0,40.075625837334464
2081,39077.0,45.921910608393254
2082,39079.0,29.876935539293495
2083,39081.0,63.2768752227228
2084,39083.0,44.976214118113774
2085,39085.0,387.41866686914767
2086,39087.0,51.627258098107
2087,39089.0,97.47807617823761
2088,39091.0,38.15762360225722
2089,39093.0,241.08129509919016
2090,39095.0,489.98338624069936
2091,39097.0,36.45923380867105
2092,39099.0,216.7995986463934
2093,39101.0,62.486679600215915
2094,39103.0,162.4115331211676
2095,39105.0,20.79073256722524
2096,39107.0,34.069635322216996
2097,39109.0,99.53878287046052
2098,39111.0,11.937463247715062
2099,39113.0,445.12156941013376
2100,39115.0,13.631412170575025
2101,39117.0,33.250908106960985
2102,39119.0,50.01043464383885
2103,39121.0,14.010815954125343
2104,39123.0,61.7017232509669
2105,39125.0,17.497383829591353
2106,39127.0,34.05914789329306
2107,39129.0,44.23060638349607
2108,39131.0,24.74208079845429
2109,39133.0,128.84019281366898
2110,39135.0,37.503826185271556
2111,39137.0,27.179905602697183
2112,39139.0,94.59562524502964
2113,39141.0,43.16614991946895
2114,39143.0,56.053859028912655
2115,39145.0,48.32494082749339
2116,39147.0,38.871129619403966
2117,39149.0,46.21247465281705
2118,39151.0,250.64352570028916
2119,39153.0,506.75189970303103
2120,39155.0,126.06506729057661
2121,39157.0,62.95821055180371
2122,39159.0,49.76986218627327
2123,39161.0,26.687687894366537
2124,39163.0,12.276250976659988
2125,39165.0,218.01111629409746
2126,39167.0,37.066719339681875
2127,39169.0,80.86307206504067
2128,39171.0,33.9016693590068
2129,39173.0,81.28457966870614
2130,39175.0,20.978884785203167
2131,40001.0,14.882666899606125
2132,40003.0,2.6099461319996524
2133,40005.0,5.491211134910282
2134,40007.0,1.152122951803981
2135,40009.0,9.6849110416624
2136,40011.0,4.00647787837379
2137,40013.0,19.532871383009645
2138,40015.0,8.865771626562687
2139,40017.0,58.86855908350296
2140,40019.0,22.731846549441435
2141,40021.0,25.04226858642312
2142,40023.0,7.4608493097757345
2143,40025.0,0.46063710565308763
2144,40027.0,198.27198051585253
2145,40029.0,4.198174430947787
2146,40031.0,44.25467632065069
2147,40033.0,3.618406190878781
2148,40035.0,7.349775297773803
2149,40037.0,28.91594453097759
2150,40039.0,11.405164572219872
2151,40041.0,22.027963306794582
2152,40043.0,1.8998295647368164
2153,40045.0,1.2766466520534099
2154,40047.0,22.68483466221726
2155,40049.0,13.39361015347697
2156,40051.0,19.202484974800164
2157,40053.0,1.7043143443055113
2158,40055.0,3.58910840936676
2159,40057.0,1.9556877537547535
2160,40059.0,1.4295581990481847
2161,40061.0,8.507924809497373
2162,40063.0,6.458634326905854
2163,40065.0,12.210562515052931
2164,40067.0,3.166332713458704
2165,40069.0,6.630386842506856
2166,40071.0,18.842519771325215
2167,40073.0,6.714645735402782
2168,40075.0,3.4234621010949087
2169,40077.0,5.612008676160066
2170,40079.0,12.124951006478776
2171,40081.0,14.130966710890233
2172,40083.0,23.900073884521472
2173,40085.0,7.461461164350986
2174,40087.0,26.137006992024844
2175,40089.0,6.877753342693745
2176,40091.0,12.372198819385972
2177,40093.0,3.12039099742826
2178,40095.0,17.01694281062327
2179,40097.0,24.142349513895738
2180,40099.0,12.867667504231104
2181,40101.0,32.91482009042062
2182,40103.0,6.019803976549671
2183,40105.0,7.0856383489941
2184,40107.0,7.562013175388871
2185,40109.0,425.9895276596245
2186,40111.0,21.531751064281917
2187,40113.0,8.131074757858215
2188,40115.0,25.885068751447008
2189,40117.0,11.163908639845124
2190,40119.0,45.963847540364995
2191,40121.0,13.126398474062654
2192,40123.0,20.55752993372753
2193,40125.0,35.29307020409684
2194,40127.0,3.0756143738247754
2195,40129.0,1.2546029845701678
2196,40131.0,51.898259149720694
2197,40133.0,15.296141088720788
2198,40135.0,23.718022803271783
2199,40137.0,19.513909685459033
2200,40139.0,3.994948950045213
2201,40141.0,3.330782233369825
2202,40143.0,435.157397772775
2203,40145.0,53.52482116673148
2204,40147.0,48.32717923943263
2205,40149.0,4.399986391448667
2206,40151.0,2.7392778155001642
2207,40153.0,6.515945639310582
2208,41001.0,2.011578964401427
2209,41003.0,51.34062773858438
2210,41005.0,83.75337596947789
2211,41007.0,17.97862427732074
2212,41009.0,29.83323985710003
2213,41011.0,15.315037571778973
2214,41013.0,2.8951551137502856
2215,41015.0,5.336588466247045
2216,41017.0,23.11291107984344
2217,41019.0,8.305534845400743
2218,41021.0,0.611176039475829
2219,41023.0,0.6125219908985251
2220,41025.0,0.27537259706705375
2221,41027.0,17.10615390384999
2222,41029.0,29.72381075547761
2223,41031.0,5.013675054887757
2224,41033.0,20.14121643707122
2225,41035.0,4.30818293883641
2226,41037.0,0.3720786629649401
2227,41039.0,31.257070265966153
2228,41041.0,18.856559884529062
2229,41043.0,20.742324478478963
2230,41045.0,1.1882907645697838
2231,41047.0,109.74337098788507
2232,41049.0,2.1325158297106395
2233,41051.0,715.2753774961149
2234,41053.0,42.43236445541836
2235,41055.0,0.7524078330453954
2236,41057.0,9.133056771116264
2237,41059.0,9.233697886029127
2238,41061.0,4.933658396064119
2239,41063.0,0.8497962569904011
2240,41065.0,4.194184323391644
2241,41067.0,310.1644585974625
2242,41069.0,0.32084779272760994
2243,41071.0,55.99273284871348
2244,42001.0,75.93345667093637
2245,42003.0,648.1038603663942
2246,42005.0,39.20909708319329
2247,42007.0,148.23283305613705
2248,42009.0,18.54071919110669
2249,42011.0,187.84682630142225
2250,42013.0,90.9386563095006
2251,42015.0,20.62859449511345
2252,42017.0,400.1185087182212
2253,42019.0,91.34416090248435
2254,42021.0,75.46916127669292
2255,42023.0,4.566212902231541
2256,42025.0,64.70895899459434
2257,42027.0,56.16327290422765
2258,42029.0,266.0474170509107
2259,42031.0,24.950535035746675
2260,42033.0,27.056905342536833
2261,42035.0,16.989667786191013
2262,42037.0,52.9234682923893
2263,42039.0,32.863819614163305
2264,42041.0,175.13205345622868
2265,42043.0,201.92321448052434
2266,42045.0,1183.6610360876107
2267,42047.0,14.28374092466551
2268,42049.0,133.3443917329009
2269,42051.0,64.62681404536838
2270,42053.0,6.642726410807623
2271,42055.0,76.87362412982398
2272,42057.0,12.80032135177634
2273,42059.0,24.900432642939005
2274,42061.0,20.050434773842174
2275,42063.0,40.0137161914445
2276,42065.0,26.08845165494514
2277,42067.0,24.23260900523964
2278,42069.0,177.95917534680595
2279,42071.0,220.21866810077933
2280,42073.0,94.19382999195987
2281,42075.0,147.98651052490854
2282,42077.0,405.57478413681326
2283,42079.0,137.85179535632028
2284,42081.0,36.091348412906136
2285,42083.0,16.48457402398813
2286,42085.0,64.6563143837976
2287,42087.0,43.5486579294043
2288,42089.0,106.37825091638999
2289,42091.0,656.5915611044388
2290,42093.0,54.232364229680805
2291,42095.0,315.2131092838966
2292,42097.0,77.83131226048172
2293,42099.0,32.1541603477523
2294,42101.0,4531.771821528518
2295,42103.0,39.320092362725504
2296,42105.0,6.0476052387699415
2297,42107.0,71.18503146775089
2298,42109.0,47.52070799461823
2299,42111.0,26.934956364872953
2300,42113.0,5.300606117144195
2301,42115.0,19.382566460590976
2302,42117.0,14.0393599425766
2303,42119.0,55.12978945407454
2304,42121.0,29.991050125746277
2305,42123.0,17.483232950754083
2306,42125.0,93.50688125553773
2307,42127.0,27.42372792167739
2308,42129.0,133.2342207228713
2309,42131.0,26.81007779084788
2310,42133.0,189.59701584150676
2311,44001.0,782.2287732504506
2312,44003.0,375.3431063673656
2313,44005.0,313.12204856320756
2314,44007.0,598.2978550344945
2315,44009.0,148.0276107081477
2316,45001.0,19.372404917200814
2317,45003.0,60.19984103334095
2318,45005.0,8.71753759395985
2319,45007.0,106.00813426032565
2320,45009.0,14.330372507913745
2321,45011.0,15.19191492272485
2322,45013.0,122.40139523679036
2323,45015.0,73.14238371061049
2324,45017.0,14.90408159351454
2325,45019.0,166.02513372135448
2326,45021.0,55.66818033609987
2327,45023.0,21.494875799414586
2328,45025.0,22.24152394050787
2329,45027.0,21.639044016996788
2330,45029.0,13.729633734025843
2331,45031.0,46.3161480626616
2332,45033.0,29.42579422495297
2333,45035.0,105.5742008742123
2334,45037.0,20.639746526980794
2335,45039.0,12.777839965103444
2336,45041.0,66.83074177040677
2337,45043.0,29.225033877580522
2338,45045.0,245.11950133403516
2339,45047.0,59.66041952177232
2340,45049.0,13.656913462209053
2341,45051.0,109.29518439484764
2342,45053.0,16.442122715877183
2343,45055.0,34.206334773398005
2344,45057.0,62.968313692125655
2345,45059.0,36.08632213716449
2346,45061.0,16.572343540893854
2347,45063.0,158.1527621279153
2348,45065.0,10.327476462602272
2349,45067.0,24.90741961766183
2350,45069.0,21.829362779747758
2351,45071.0,23.328884194979462
2352,45073.0,47.27075451873445
2353,45075.0,30.869662635234395
2354,45077.0,95.37327799615362
2355,45079.0,208.1441278910676
2356,45081.0,17.305211508989867
2357,45083.0,144.44936592182347
2358,45085.0,62.114766281884414
2359,45087.0,20.758483446414555
2360,45089.0,13.140853498013117
2361,45091.0,146.71052077366855
2362,46003.0,1.5036218271403583
2363,46005.0,5.636125725679254
2364,46007.0,1.120197890372086
2365,46009.0,4.774640709571216
2366,46011.0,16.687232494364
2367,46013.0,8.754198718755266
2368,46015.0,2.4831762224288547
2369,46017.0,1.681499839081776
2370,46019.0,1.74636948925124
2371,46021.0,0.7551780338293015
2372,46023.0,3.287268900603119
2373,46025.0,1.480939772704662
2374,46027.0,13.04872078892163
2375,46029.0,15.719012549252582
2376,46031.0,0.6516085421023448
2377,46033.0,2.1259904036215396
2378,46035.0,17.638274580427716
2379,46037.0,2.0669808135884624
2380,46039.0,2.6697482828327534
2381,46041.0,0.9690752440866194
2382,46043.0,2.6199106128345937
2383,46045.0,1.3510379125018572
2384,46047.0,1.503231392603324
2385,46049.0,0.9132493418070995
2386,46051.0,4.089097248731231
2387,46053.0,1.5981237830492816
2388,46055.0,0.44399114999989836
2389,46057.0,4.567135658773779
2390,46059.0,0.8871496791983446
2391,46061.0,3.018014667256322
2392,46063.0,0.18946912357941703
2393,46065.0,9.17291131205714
2394,46067.0,3.473912939992842
2395,46069.0,0.5971234490797921
2396,46071.0,0.6809001065140095
2397,46073.0,1.4889805947316086
2398,46075.0,0.29266093306151514
2399,46077.0,2.304355280703823
2400,46079.0,8.62484113725465
2401,46081.0,12.177822921506676
2402,46083.0,36.727298428732816
2403,46085.0,0.9096808723726426
2404,46087.0,3.705658953881423
2405,46089.0,0.8030183601394331
2406,46091.0,2.255007832022258
2407,46093.0,3.05060014045315
2408,46095.0,0.6069184772511685
2409,46097.0,1.5094118972551354
2410,46099.0,89.36676990151078
2411,46101.0,4.836466845833554
2412,46102.0,2.643662270880142
2413,46103.0,15.197012447947092
2414,46105.0,0.39101469325745386
2415,46107.0,1.0428919437360011
2416,46109.0,3.606617053329457
2417,46111.0,1.6197007880340826
2418,46115.0,1.6802201398696237
2419,46117.0,0.801109688479837
2420,46119.0,0.5104698100152139
2421,46121.0,2.8211186684624185
2422,46123.0,1.3093094219929116
2423,46125.0,5.170854590229127
2424,46127.0,12.718336342856354
2425,46129.0,3.0021124857593486
2426,46135.0,16.828983223532806
2427,46137.0,0.5539818288207713
2428,47001.0,86.76335586494386
2429,47003.0,38.76843022278662
2430,47005.0,15.776769336186517
2431,47007.0,13.871844439795057
2432,47009.0,88.74484762568807
2433,47011.0,122.79310956713006
2434,47013.0,31.91258985080255
2435,47015.0,20.31417700337197
2436,47017.0,18.100348676749583
2437,47019.0,63.80119170773815
2438,47021.0,50.96936620589431
2439,47023.0,23.174001823787187
2440,47025.0,28.085236550980962
2441,47027.0,12.545984313464935
2442,47029.0,31.30451466373374
2443,47031.0,49.082212181558084
2444,47033.0,21.081281570233305
2445,47035.0,33.24205865154015
2446,47037.0,524.5397732627969
2447,47039.0,13.510435221711793
2448,47041.0,24.863178692539236
2449,47043.0,40.973159769101315
2450,47045.0,28.31771477898633
2451,47047.0,21.744758724809422
2452,47049.0,13.933744317874782
2453,47051.0,28.905743312164123
2454,47053.0,31.500169881200872
2455,47055.0,18.43323706271343
2456,47057.0,31.667126548439995
2457,47059.0,42.61423905266781
2458,47061.0,14.279926750777774
2459,47063.0,152.67896368686306
2460,47065.0,254.54375329228674
2461,47067.0,11.43594269064099
2462,47069.0,14.780433434863227
2463,47071.0,17.234979268324924
2464,47073.0,44.71150082063147
2465,47075.0,12.87641416419
2466,47077.0,20.685070973504907
2467,47079.0,22.182444732972222
2468,47081.0,15.556714120374961
2469,47083.0,15.760714904485923
2470,47085.0,13.325392229824994
2471,47087.0,14.530211394422391
2472,47089.0,74.77965722556701
2473,47091.0,23.014241157832874
2474,47093.0,346.4944717138771
2475,47095.0,17.52754715108143
2476,47097.0,21.51278869228598
2477,47099.0,26.863347437288333
2478,47101.0,16.364301768427925
2479,47103.0,22.821198488406566
2480,47105.0,86.91306118149878
2481,47107.0,47.37264734096647
2482,47109.0,17.769123389139924
2483,47111.0,29.524888392288933
2484,47113.0,67.6983327418837
2485,47115.0,22.020688131571546
2486,47117.0,33.183459148507644
2487,47119.0,56.53325273255872
2488,47121.0,23.66849078404727
2489,47123.0,27.863367046687458
2490,47125.0,140.63498731603994
2491,47127.0,18.889411426885015
2492,47129.0,15.968179815605529
2493,47131.0,21.627687777798286
2494,47133.0,19.59880477075666
2495,47135.0,7.365577626480778
2496,47137.0,12.053640576841184
2497,47139.0,14.90915688664502
2498,47141.0,73.58061449673909
2499,47143.0,39.94427257349694
2500,47145.0,56.617514728418115
2501,47147.0,56.21051169300842
2502,47149.0,191.49475325182334
2503,47151.0,15.924248785187231
2504,47153.0,21.39275549308703
2505,47155.0,62.746624718284274
2506,47157.0,473.7972805541418
2507,47159.0,23.90357373537528
2508,47161.0,11.169665551115669
2509,47163.0,146.38528564405564
2510,47165.0,130.89240745263427
2511,47167.0,51.754399169412224
2512,47169.0,32.32553571040729
2513,47171.0,36.89539640492752
2514,47173.0,33.318075774173934
2515,47175.0,8.054876904796398
2516,47177.0,36.0996867246984
2517,47179.0,150.25319297939222
2518,47181.0,8.756484006394516
2519,47183.0,22.37098228366629
2520,47185.0,27.244992703215917
2521,47187.0,144.8367407648053
2522,47189.0,89.69051632324636
2523,48001.0,21.024280292119357
2524,48003.0,4.584174534591745
2525,48005.0,42.39912091382628
2526,48007.0,37.93324764950582
2527,48009.0,3.756773403352614
2528,48011.0,0.8137326559292108
2529,48013.0,15.458764005516162
2530,48015.0,17.65700997435326
2531,48017.0,3.3111605906032544
2532,48019.0,10.623005857143133
2533,48021.0,35.8972641435938
2534,48023.0,1.5982982975441942
2535,48025.0,14.339356010823458
2536,48027.0,125.69149114946485
2537,48029.0,599.5581109484052
2538,48031.0,6.140074019787225
2539,48033.0,0.28609951234647885
2540,48035.0,7.118088885250755
2541,48037.0,40.947698011145114
2542,48039.0,100.32982841225996
2543,48041.0,144.54137209843958
2544,48043.0,0.5754292507513094
2545,48045.0,0.6632372032254454
2546,48047.0,2.9386761966806096
2547,48049.0,15.466941987009838
2548,48051.0,10.465239053782941
2549,48053.0,17.76606422740241
2550,48055.0,29.3176956031227
2551,48057.0,16.612237054500437
2552,48059.0,5.911486775320205
2553,48061.0,182.74926684980608
2554,48063.0,25.260187969746863
2555,48065.0,2.530841244895718
2556,48067.0,12.398285536049078
2557,48069.0,3.3613911244812607
2558,48071.0,26.05167617261674
2559,48073.0,19.032014159026495
2560,48075.0,4.005643982305302
2561,48077.0,3.6835030487769957
2562,48079.0,1.446608613382958
2563,48081.0,1.3870510356784391
2564,48083.0,2.565322929380597
2565,48085.0,433.40785889358114
2566,48087.0,1.2594850617689646
2567,48089.0,8.452333459484672
2568,48091.0,93.22629950972794
2569,48093.0,5.55631287338317
2570,48095.0,1.6613590509914262
2571,48097.0,17.464885770471277
2572,48099.0,27.663841377470295
2573,48101.0,0.695835228255293
2574,48103.0,2.37985202228651
2575,48105.0,0.49966063085711
2576,48107.0,2.513828595336235
2577,48109.0,0.2269725749406365
2578,48111.0,1.8604734401398317
2579,48113.0,1145.1939146140376
2580,48115.0,5.559697452963819
2581,48117.0,4.874959015321383
2582,48119.0,7.839840233106067
2583,48121.0,354.65787181484137
2584,48123.0,8.68009123701455
2585,48125.0,0.9488516402276779
2586,48127.0,3.0980923790934685
2587,48129.0,1.4108525504915668
2588,48131.0,2.444519894965419
2589,48133.0,7.613648639446697
2590,48135.0,68.09470608557226
2591,48137.0,0.37464041814407917
2592,48139.0,69.67134825695253
2593,48141.0,319.2109186756779
2594,48143.0,14.786391664348464
2595,48145.0,8.725653120154846
2596,48147.0,14.811999766749253
2597,48149.0,10.18880085365518
2598,48151.0,1.667760395501986
2599,48153.0,2.2851474161596106
2600,48155.0,0.7717696184745545
2601,48157.0,331.32264016596537
2602,48159.0,14.498276576599162
2603,48161.0,8.669729905836885
2604,48163.0,6.6061404521043805
2605,48165.0,5.222423619469824
2606,48167.0,333.27390173421827
2607,48169.0,2.7174537416261657
2608,48171.0,9.562453834150915
2609,48173.0,0.6133251164923671
2610,48175.0,3.412790480816214
2611,48177.0,7.480712209540133
2612,48179.0,9.458934502653168
2613,48181.0,53.21147867190186
2614,48183.0,174.41369485022062
2615,48185.0,13.547238605434156
2616,48187.0,84.21585377167742
2617,48189.0,13.109748384072384
2618,48191.0,1.3433943013972398
2619,48193.0,3.8193841300226365
2620,48195.0,2.3284253892800675
2621,48197.0,2.19514409896517
2622,48199.0,24.442356156773037
2623,48201.0,1042.130650707732
2624,48203.0,28.592276825450124
2625,48205.0,1.5230683276578505
2626,48207.0,2.483429755297363
2627,48209.0,116.25994639718854
2628,48211.0,1.7300949473763974
2629,48213.0,35.553605913523896
2630,48215.0,208.7663614468752
2631,48217.0,14.254110781116843
2632,48219.0,9.844759072928602
2633,48221.0,52.22105783444573
2634,48223.0,18.236016671855552
2635,48225.0,7.199788202837741
2636,48227.0,15.716410161532579
2637,48229.0,0.34618487657503416
2638,48231.0,42.34010850175668
2639,48233.0,9.38519121646415
2640,48235.0,0.5595769547698456
2641,48237.0,3.7476848562361007
2642,48239.0,6.89864898212927
2643,48241.0,14.604056425575664
2644,48243.0,0.38089248062882547
2645,48245.0,112.43756445601454
2646,48247.0,1.7949656303994446
2647,48249.0,18.382884637928534
2648,48251.0,87.0833986210229
2649,48253.0,8.270735220518825
2650,48255.0,7.947796385745818
2651,48257.0,58.809857422536
2652,48259.0,24.468633608045938
2653,48261.0,0.1575167667981163
2654,48263.0,0.32043027003609453
2655,48265.0,17.974862326683557
2656,48267.0,1.360478719128298
2657,48269.0,0.09664502664985339
2658,48271.0,1.043285524653514
2659,48273.0,13.76736154210936
2660,48275.0,1.6944236331225488
2661,48277.0,21.08113447305449
2662,48279.0,5.038949878103577
2663,48281.0,11.17941385122075
2664,48283.0,1.9241428379179757
2665,48285.0,7.939765126553663
2666,48287.0,10.405074376035719
2667,48289.0,6.15155013675713
2668,48291.0,27.28547421935708
2669,48293.0,10.027491137725507
2670,48295.0,1.4368251907933414
2671,48297.0,4.502010533733168
2672,48299.0,8.531804257642317
2673,48301.0,0.05888363360733441
2674,48303.0,129.95931800075897
2675,48305.0,2.5143675128651912
2676,48307.0,2.934171152414275
2677,48309.0,92.48574836644634
2678,48311.0,0.22424973810154247
2679,48313.0,11.704050688354712
2680,48315.0,10.221137622186678
2681,48317.0,2.369051671105797
2682,48319.0,1.7296607209889068
2683,48321.0,12.98070098282316
2684,48323.0,17.49341839479712
2685,48325.0,14.37193047024692
2686,48327.0,0.9087259147530725
2687,48329.0,70.41973349897735
2688,48331.0,9.364422736396655
2689,48333.0,2.529585274937961
2690,48335.0,3.6267154145133853
2691,48337.0,8.050071102152431
2692,48339.0,205.3210869126755
2693,48341.0,9.355820427310356
2694,48343.0,19.036260214522596
2695,48345.0,0.4510402973483004
2696,48347.0,26.74120541978358
2697,48349.0,18.579043984876094
2698,48351.0,5.81297125701534
2699,48353.0,6.335990176527743
2700,48355.0,166.02863437529706
2701,48357.0,4.353767496772549
2702,48359.0,0.537781447988349
2703,48361.0,97.22158024063175
2704,48363.0,11.47789182766822
2705,48365.0,11.154463613916269
2706,48367.0,55.470785113501954
2707,48369.0,4.318567288527966
2708,48371.0,1.280324847174637
2709,48373.0,17.47321699312588
2710,48375.0,51.3869331514923
2711,48377.0,0.7133659514958917
2712,48379.0,19.305695993570335
2713,48381.0,56.08887125609362
2714,48383.0,1.2325688099384444
2715,48385.0,1.8715351841565302
2716,48387.0,4.5401976640132276
2717,48389.0,2.2159437293144575
2718,48391.0,3.626076070959801
2719,48393.0,0.36978254626916435
2720,48395.0,7.62624859349727
2721,48397.0,284.44167204451134
2722,48399.0,3.78729532505107
2723,48401.0,22.394285397212265
2724,48403.0,8.211989701429934
2725,48405.0,6.058665010657757
2726,48407.0,18.868881021432713
2727,48409.0,37.330923180127726
2728,48411.0,2.027582768020109
2729,48413.0,0.9017405970866673
2730,48415.0,7.351102281540409
2731,48417.0,1.3982326965407759
2732,48419.0,12.364562872982773
2733,48421.0,1.279149413593423
2734,48423.0,94.28252665694042
2735,48425.0,18.10375235002722
2736,48427.0,20.16843813118284
2737,48429.0,4.035311599534581
2738,48431.0,0.477061979888246
2739,48433.0,0.5835906855892751
2740,48435.0,1.0263764737678045
2741,48437.0,3.2461467024156656
2742,48439.0,903.0520092149102
2743,48441.0,57.50100153896487
2744,48443.0,0.14114405983592895
2745,48445.0,5.479819110054797
2746,48447.0,0.6629999444163186
2747,48449.0,31.121526803734447
2748,48451.0,29.798840900888706
2749,48453.0,468.36286280812254
2750,48455.0,8.107741185414902
2751,48457.0,8.978519267731516
2752,48459.0,27.00094528806715
2753,48461.0,1.1303228673647296
2754,48463.0,6.719566450437865
2755,48465.0,6.019376385230062
2756,48467.0,24.913904777581305
2757,48469.0,40.2557086383184
2758,48471.0,35.221369289553216
2759,48473.0,37.59734276930889
2760,48475.0,5.353476716225049
2761,48477.0,22.23629541058788
2762,48479.0,31.24823863759103
2763,48481.0,14.770446953028063
2764,48483.0,2.3144438556976445
2765,48485.0,81.09581497300717
2766,48487.0,5.132144776878413
2767,48489.0,14.221806933198216
2768,48491.0,181.96452152699618
2769,48493.0,23.153605257155633
2770,48495.0,3.580745035476688
2771,48497.0,27.595566663330043
2772,48499.0,26.218041170457827
2773,48501.0,4.1380759203311746
2774,48503.0,7.647754706423877
2775,48505.0,5.556723827081222
2776,48507.0,3.6101277704896044
2777,49001.0,0.9631250313367856
2778,49003.0,3.5616517889321617
2779,49005.0,40.5537433722118
2780,49007.0,5.313401250954708
2781,49009.0,0.3390232521623551
2782,49011.0,439.79427583723555
2783,49013.0,2.412911679693281
2784,49015.0,0.8867166799868607
2785,49017.0,0.37430319190510153
2786,49019.0,1.0108951166029618
2787,49021.0,5.820339546525946
2788,49023.0,1.2462991964710306
2789,49025.0,0.7112504527711517
2790,49027.0,0.7443221667972243
2791,49029.0,7.219823533936444
2792,49031.0,0.9692794104456542
2793,49033.0,0.8819000825039669
2794,49035.0,583.1622532237506
2795,49037.0,0.754500566587932
2796,49039.0,7.131302245558586
2797,49041.0,4.26798706634357
2798,49043.0,8.361785805476895
2799,49045.0,3.6255064811349507
2800,49047.0,3.128779416980494
2801,49049.0,113.77900823168925
2802,49051.0,10.012570343649513
2803,49053.0,25.534603748081583
2804,49055.0,0.4226537714243763
2805,49057.0,165.98142337083485
2806,50001.0,18.611127328970547
2807,50003.0,20.54645978786374
2808,50005.0,18.099865484595753
2809,50007.0,116.6051303787858
2810,50009.0,3.61199584128018
2811,50011.0,29.85033364806291
2812,50013.0,32.872126930679954
2813,50015.0,21.260972171566703
2814,50017.0,16.262266531910246
2815,50019.0,14.980958612074302
2816,50021.0,24.61284761603285
2817,50023.0,32.862793212135635
2818,50025.0,21.2096317380194
2819,50027.0,22.071963346146106
2820,51001.0,28.1359681116964
2821,51003.0,56.996009466371845
2822,51005.0,13.216222968855531
2823,51007.0,13.96955997018526
2824,51009.0,25.971960205143784
2825,51011.0,17.995142286603485
2826,51013.0,3442.635854632944
2827,51015.0,29.824229308972697
2828,51017.0,3.2051046897652147
2829,51019.0,39.575229614267656
2830,51021.0,6.959863509983921
2831,51023.0,23.697831683068227
2832,51025.0,11.363481732508623
2833,51027.0,16.998020468491365
2834,51029.0,11.326821966774897
2835,51031.0,42.33097537702996
2836,51033.0,22.088501396424096
2837,51035.0,24.185452455390447
2838,51036.0,14.773151063638682
2839,51037.0,9.82526448265532
2840,51041.0,309.4226544924027
2841,51043.0,31.525411724730102
2842,51045.0,6.0169189830790755
2843,51047.0,51.37008083631559
2844,51049.0,12.700416788329244
2845,51051.0,17.47948146356432
2846,51053.0,21.69042744904254
2847,51057.0,16.573444047423656
2848,51059.0,1129.2058046492355
2849,51061.0,41.180904413372275
2850,51063.0,15.879006921717501
2851,51065.0,35.34282555581434
2852,51067.0,31.437903062291205
2853,51069.0,79.5746841393496
2854,51071.0,18.1732642275596
2855,51073.0,65.87453803621105
2856,51075.0,30.931579003285353
2857,51077.0,13.818161230892542
2858,51079.0,48.06060324703527
2859,51081.0,15.247806902662699
2860,51083.0,16.421377182709303
2861,51085.0,86.19196373391658
2862,51087.0,538.0908405709886
2863,51089.0,52.09423568527063
2864,51091.0,2.059023667409415
2865,51093.0,44.487672619664494
2866,51095.0,201.10673985997718
2867,51097.0,8.639625113777933
2868,51099.0,55.662708718414805
2869,51101.0,23.252525032244574
2870,51103.0,31.29427360181949
2871,51105.0,21.402554595046574
2872,51107.0,288.31775601377876
2873,51109.0,27.533572041205634
2874,51111.0,10.981151191160206
2875,51113.0,15.821586375423264
2876,51115.0,39.53276709760604
2877,51117.0,19.047208880473057
2878,51119.0,31.698618024388786
2879,51121.0,97.80916473700078
2880,51125.0,12.148706290197156
2881,51127.0,38.79298695591282
2882,51131.0,21.80808623300675
2883,51133.0,24.65466112484964
2884,51135.0,19.035558328393698
2885,51137.0,40.30898952584739
2886,51139.0,29.577194889521024
2887,51141.0,14.277535330738115
2888,51143.0,24.574993387870034
2889,51145.0,42.39988142515697
2890,51147.0,25.32667924373053
2891,51149.0,55.13934016392681
2892,51153.0,525.2628815089836
2893,51155.0,41.32659225478578
2894,51157.0,10.627612958523882
2895,51159.0,17.90188511125058
2896,51161.0,144.21665241605865
2897,51163.0,14.568572944728233
2898,51165.0,36.095425564344986
2899,51167.0,22.34797874298226
2900,51169.0,15.859069967557787
2901,51171.0,32.7115097112322
2902,51173.0,26.569041031229865
2903,51175.0,11.559626293874839
2904,51177.0,126.37140178212123
2905,51179.0,206.54663805503597
2906,51181.0,9.13525471270143
2907,51183.0,9.046380985914137
2908,51185.0,31.317402256640467
2909,51187.0,70.99727486834598
2910,51191.0,37.43397085930569
2911,51193.0,29.69606171748771
2912,51195.0,37.347959960112014
2913,51197.0,24.18978897184177
2914,51199.0,249.47419475575248
2915,51510.0,4046.4932128773453
2916,51520.0,503.97699880455446
2917,51530.0,383.7539484107315
2918,51540.0,1772.9239515422896
2919,51550.0,271.2555353303668
2920,51570.0,903.3525248890488
2921,51580.0,394.10210873575124
2922,51590.0,374.5065475674739
2923,51595.0,300.93275732756723
2924,51600.0,1476.5452047114075
2925,51610.0,2654.0182424841023
2926,51620.0,380.78062764760443
2927,51630.0,1051.7908245225055
2928,51640.0,311.17458985238943
2929,51650.0,1018.3402720218253
2930,51660.0,1188.8869763534165
2931,51670.0,835.535743855943
2932,51678.0,1098.4084355296043
2933,51680.0,631.7360439340958
2934,51683.0,1625.0700680885425
2935,51685.0,2511.654041104993
2936,51690.0,461.6830877037876
2937,51700.0,1006.3036802013436
2938,51710.0,1779.8349036298162
2939,51720.0,206.02998650271223
2940,51730.0,540.8614292693636
2941,51735.0,302.20385910738486
2942,51740.0,1105.0780452746108
2943,51750.0,703.4623074082401
2944,51760.0,1442.1466874817856
2945,51770.0,904.6484086379888
2946,51775.0,678.6850398232456
2947,51790.0,473.9327215171755
2948,51800.0,86.24469606726817
2949,51810.0,710.1799673676143
2950,51820.0,565.5191574708547
2951,51830.0,638.6440086528748
2952,51840.0,1167.1396573383133
2953,53001.0,3.9015593516421645
2954,53003.0,13.558579887805832
2955,53005.0,44.09960568221112
2956,53007.0,10.01310020202806
2957,53009.0,16.541043231478458
2958,53011.0,285.9036491125594
2959,53013.0,1.7785188570348964
2960,53015.0,35.58128382279247
2961,53017.0,8.78016610668887
2962,53019.0,1.3276412816299945
2963,53021.0,28.19276625991758
2964,53023.0,1.2080030869345646
2965,53025.0,13.668876451356395
2966,53027.0,14.614305124611658
2967,53029.0,151.16566996748622
2968,53031.0,6.605031398893845
2969,53033.0,394.8557331716002
2970,53035.0,256.478251982443
2971,53037.0,7.533642584747974
2972,53039.0,4.413807036329115
2973,53041.0,12.364636456351132
2974,53043.0,1.7436941073872039
2975,53045.0,25.203103889150857
2976,53047.0,3.0527839404031845
2977,53049.0,8.808827018378267
2978,53051.0,3.6449732512359914
2979,53053.0,199.05529759593455
2980,53055.0,36.57179586566205
2981,53057.0,27.65011534359412
2982,53059.0,2.705541934680864
2983,53061.0,145.56096855244058
2984,53063.0,108.98111331137713
2985,53065.0,6.890758740567487
2986,53067.0,146.79269930717908
2987,53069.0,6.151638319252051
2988,53071.0,18.312326966336535
2989,53073.0,39.71331035038665
2990,53075.0,8.689018866611162
2991,53077.0,22.41575481003394
2992,54001.0,18.939514328928432
2993,54003.0,136.44984154259458
2994,54005.0,17.56549136639086
2995,54007.0,10.795187037288159
2996,54009.0,98.5655266170357
2997,54011.0,130.96057559771083
2998,54013.0,10.226021044938383
2999,54015.0,9.919635135923972
3000,54017.0,10.30820666015406
3001,54019.0,25.750927172269574
3002,54021.0,9.35877157783982
3003,54023.0,9.415308782694744
3004,54025.0,13.38240760803506
3005,54027.0,14.085841329751847
3006,54029.0,138.7193410801386
3007,54031.0,9.17786017509734
3008,54033.0,63.30566415125534
3009,54035.0,24.127715506386448
3010,54037.0,103.6373274347136
3011,54039.0,79.52584487633885
3012,54041.0,16.241221746125383
3013,54043.0,18.621301242554694
3014,54045.0,28.761640398789517
3015,54047.0,13.908764113766754
3016,54049.0,70.65279753389085
3017,54051.0,40.00311004112648
3018,54053.0,24.14576216615898
3019,54055.0,55.74156946960497
3020,54057.0,32.12303315297805
3021,54059.0,22.575416550105487
3022,54061.0,112.85488581763354
3023,54063.0,10.998616246342968
3024,54065.0,29.70526621613837
3025,54067.0,15.115878985488935
3026,54069.0,155.22496302557943
3027,54071.0,3.9139992846134555
3028,54073.0,22.275463755600935
3029,54075.0,3.5029704211904127
3030,54077.0,20.136042344124327
3031,54079.0,63.27692093966576
3032,54081.0,48.62138983214688
3033,54083.0,10.793554244039418
3034,54085.0,8.484183821593243
3035,54087.0,11.342020298862833
3036,54089.0,13.939292249279266
3037,54091.0,37.88144123475218
3038,54093.0,6.4745928109738795
3039,54095.0,13.420836180942572
3040,54097.0,26.7880407224947
3041,54099.0,31.06248325869464
3042,54101.0,5.942176682884465
3043,54103.0,16.83651403270069
3044,54105.0,9.626352728604127
3045,54107.0,90.12947947337028
3046,54109.0,16.783141457085392
3047,55001.0,12.00365698379703
3048,55003.0,5.805334489347659
3049,55005.0,20.24490268440766
3050,55007.0,3.916718463147831
3051,55009.0,189.2196973175918
3052,55011.0,7.522769421079374
3053,55013.0,7.170697466743208
3054,55015.0,60.42036361342874
3055,55017.0,24.36602327951498
3056,55019.0,11.008593721715792
3057,55021.0,28.724693201827517
3058,55023.0,11.020514776892218
3059,55025.0,170.9771650785221
3060,55027.0,38.70069471926781
3061,55029.0,21.981492501379016
3062,55031.0,12.848042061021488
3063,55033.0,20.20886208204795
3064,55035.0,62.33524772871831
3065,55037.0,3.4305399869744524
3066,55039.0,54.899847412711445
3067,55041.0,3.4329718609125717
3068,55043.0,17.448132921023912
3069,55045.0,24.370239420341374
3070,55047.0,20.718759515543464
3071,55049.0,11.957193615393596
3072,55051.0,2.9103236237551524
3073,55053.0,8.019932340759505
3074,55055.0,58.735534309614195
3075,55057.0,13.29845005434558
3076,55059.0,239.06752400364414
3077,55061.0,22.955022661444158
3078,55063.0,100.71989375267368
3079,55065.0,10.198141038122348
3080,55067.0,8.498077139987979
3081,55069.0,12.236395323749392
3082,55071.0,52.0260989544225
3083,55073.0,33.79720586387858
3084,55075.0,11.183982010115917
3085,55077.0,12.884278924899267
3086,55078.0,4.943762846009848
3087,55079.0,1525.658961777316
3088,55081.0,19.50088166660876
3089,55083.0,14.537066188563323
3090,55085.0,12.250938629951845
3091,55087.0,111.88254357243538
3092,55089.0,146.2840382111392
3093,55091.0,12.085316523318177
3094,55093.0,27.99150720326044
3095,55095.0,18.310649113300954
3096,55097.0,34.03568264155087
3097,55099.0,4.153340902779169
3098,55101.0,226.83810870149549
3099,55103.0,11.5531031853518
3100,55105.0,86.97423731734081
3101,55107.0,5.994272277791214
3102,55109.0,46.98626536207828
3103,55111.0,29.52890454158768
3104,55113.0,5.025763378619185
3105,55115.0,17.726403767288346
3106,55117.0,86.95694423124752
3107,55119.0,8.060764469193098
3108,55121.0,15.506148068666171
3109,55123.0,14.884868018880931
3110,55125.0,9.720213475262621
3111,55127.0,71.60799887449768
3112,55129.0,7.599367804479997
3113,55131.0,120.62001144275835
3114,55133.0,280.1570663568621
3115,55135.0,26.56527305843561
3116,55137.0,14.870429149196259
3117,55139.0,150.93181516731775
3118,55141.0,35.67561459044726
3119,56001.0,3.4417734635240653
3120,56003.0,1.4647958357434514
3121,56005.0,3.8358832820255495
3122,56007.0,0.7566285676159049
3123,56009.0,1.2701101570749642
3124,56011.0,1.0022901251322525
3125,56013.0,1.6848999314891335
3126,56015.0,2.331241153633313
3127,56017.0,0.9014827123041658
3128,56019.0,0.7914154186749872
3129,56021.0,14.043561677275623
3130,56023.0,1.8011243179618353
3131,56025.0,5.827834772731442
3132,56027.0,0.3599269202793152
3133,56029.0,1.620351386754284
3134,56031.0,1.608814326149481
3135,56033.0,4.592168051970773
3136,56035.0,0.7862717936614823
3137,56037.0,1.633614806733335
3138,56039.0,2.2275386860381605
3139,56041.0,3.8224049605179973
3140,56043.0,1.4020016308122982
3141,56045.0,1.1431692044045139
3142,72001.0,105.25936057552421
3143,72003.0,483.4990360923779
3144,72005.0,572.4802227403168
3145,72007.0,337.2070282132618
3146,72009.0,289.2552495505674
3147,72011.0,268.9797774343697
3148,72013.0,267.4661567185451
3149,72015.0,465.9438666662173
3150,72017.0,501.8184128181014
3151,72019.0,324.13132523033954
3152,72021.0,1593.4590168707555
3153,72023.0,268.8675520910513
3154,72025.0,865.4821147092863
3155,72027.0,268.3863226125372
3156,72029.0,541.6328381083787
3157,72031.0,1339.922295178398
3158,72033.0,1970.656943449953
3159,72035.0,331.05377322868577
3160,72037.0,157.6162267082232
3161,72039.0,98.14856930933702
3162,72041.0,432.4262468486628
3163,72043.0,194.330852579858
3164,72045.0,265.63005643989544
3165,72047.0,309.8907307051999
3166,72049.0,43.632661471147905
3167,72051.0,621.4789284352349
3168,72053.0,413.1898953281962
3169,72054.0,302.34949931709883
3170,72055.0,174.89595941354966
3171,72057.0,247.76066384032023
3172,72059.0,173.62014209211998
3173,72061.0,1241.0028587449767
3174,72063.0,649.2446905964298
3175,72065.0,373.24299257304665
3176,72067.0,550.6230701605754
3177,72069.0,461.1921424403827
3178,72071.0,296.1135783907507
3179,72073.0,129.23469590393728
3180,72075.0,300.79984639222835
3181,72077.0,570.3340720749335
3182,72079.0,150.14055158360867
3183,72081.0,166.19615455235808
3184,72083.0,71.61547028077912
3185,72085.0,430.4125829628003
3186,72087.0,527.6989083195184
3187,72089.0,277.43624912294274
3188,72091.0,339.500297678603
3189,72093.0,65.38622198019316
3190,72095.0,201.08828476217266
3191,72097.0,384.01995418483625
3192,72099.0,282.79636116430095
3193,72101.0,311.0964189017774
3194,72103.0,196.30833454889392
3195,72105.0,402.385920097178
3196,72107.0,129.90602163776643
3197,72109.0,143.617435365443
3198,72111.0,181.58759112923155
3199,72113.0,483.4780936917567
3200,72115.0,409.13953305801806
3201,72117.0,385.59174781234987
3202,72119.0,321.9569561574112
3203,72121.0,245.12428717891314
3204,72123.0,159.31022816287026
3205,72125.0,227.5248567398957
3206,72127.0,2778.4107344827453
3207,72129.0,275.34393200149935
3208,72131.0,208.14177553684777
3209,72133.0,250.3229973244163
3210,72135.0,1049.0539064363677
3211,72137.0,1324.3149378592216
3212,72139.0,1260.1761126794522
3213,72141.0,99.99136697894443
3214,72143.0,525.284759577859
3215,72145.0,449.33537958812434
3216,72147.0,66.67862994762979
3217,72149.0,249.1154548669113
3218,72151.0,238.79554739762258
3219,72153.0,207.781273257002
